"7093";"1Q2019";"ANALISIS MATEMATICO II A";"6103";"Materia: 6103 ANALISIS MATEMATICO II A Vacantes: 35 
Docente: ACERO, F. RODOLFO-LOPEZ, CLAUDIA ANDREA 
Carreras: Todas  
Curso: 1
Martes 11:00 13:00 PC
Martes 09:00 11:00 PC
Jueves 09:00 11:00 PC
Jueves 11:00 13:00 PC

Materia: 6103 ANALISIS MATEMATICO II A Vacantes: 45 
Docente: VARDANEGA, PEDRO EMILIO-GONZALEZ, D A-PORTOCARRERO MIRANDA, MICHA 
Carreras: Todas  
Curso: 10
Jueves 21:00 23:00 PC
Jueves 19:00 21:00 PC
Sábados 09:00 11:00 PC
Sábados 11:00 13:00 PC

Materia: 6103 ANALISIS MATEMATICO II A Vacantes: 35 
Docente: SIRNE, RICARDO OSCAR-MARTINS, MARCELA-PIÑERA, E ERNESTO 
Carreras: Todas  
Curso: 11A
Jueves 16:00 18:00 PC
Martes 16:00 18:00 PC
Martes 14:00 16:00 PC
Jueves 14:00 16:00 PC

Materia: 6103 ANALISIS MATEMATICO II A Vacantes: 35 
Docente: SIRNE, RICARDO OSCAR-DE ROSSI, F. D-LOPEZ, CLAUDIA ANDREA 
Carreras: Todas  
Curso: 11B
Jueves 16:00 18:00 PC
Martes 16:00 18:00 PC
Martes 14:00 16:00 PC
Jueves 14:00 16:00 PC

Materia: 6103 ANALISIS MATEMATICO II A Vacantes: 35 
Docente: SIRNE, RICARDO OSCAR-JUAREZ, ANDRÉS ALBERTO 
Carreras: Todas  
Curso: 12A
Jueves 16:00 18:00 PC
Martes 16:00 18:00 PC
Martes 14:00 16:00 PC
Jueves 14:00 16:00 PC

Materia: 6103 ANALISIS MATEMATICO II A Vacantes: 35 
Docente: SIRNE, RICARDO OSCAR-CRISTI, JUAN 
Carreras: Todas  
Curso: 12B
Jueves 16:00 18:00 PC
Martes 16:00 18:00 PC
Martes 14:00 16:00 PC
Jueves 14:00 16:00 PC

Materia: 6103 ANALISIS MATEMATICO II A Vacantes: 35 
Docente: COMAS, JORGE MIGUEL-OLIVA, CECILIA MARIEL 
Carreras: Todas  
Curso: 14A
Martes 18:00 20:00 PC
Viernes 18:00 20:00 PC
Martes 20:00 22:00 PC
Viernes 20:00 22:00 PC

Materia: 6103 ANALISIS MATEMATICO II A Vacantes: 35 
Docente: COMAS, JORGE MIGUEL-OLIVA, CECILIA MARIEL 
Carreras: Todas  
Curso: 14B
Martes 18:00 20:00 PC
Viernes 18:00 20:00 PC
Martes 20:00 22:00 PC
Viernes 20:00 22:00 PC

Materia: 6103 ANALISIS MATEMATICO II A Vacantes: 35 
Docente: COMAS, JORGE MIGUEL-OLIVA, CECILIA MARIEL 
Carreras: Todas  
Curso: 15
Jueves 16:00 18:00 PC
Martes 16:00 18:00 PC
Martes 14:00 16:00 PC
Jueves 14:00 16:00 PC

Materia: 6103 ANALISIS MATEMATICO II A Vacantes: 35 
Docente: ACERO, F. RODOLFO-GARCIA, ADRIANA EVA 
Carreras: Todas  
Curso: 2
Martes 09:00 11:00 PC
Jueves 07:00 09:00 PC
Martes 07:00 09:00 PC
Jueves 09:00 11:00 PC

Materia: 6103 ANALISIS MATEMATICO II A Vacantes: 35 
Docente: COMAS, JORGE MIGUEL-OLIVA, CECILIA MARIEL 
Carreras: Todas  
Curso: 20A
Lunes 19:00 21:00 PC
Lunes 17:00 19:00 PC
Miércoles 19:00 21:00 PC
Miércoles 17:00 19:00 PC

Materia: 6103 ANALISIS MATEMATICO II A Vacantes: 35 
Docente: COMAS, JORGE MIGUEL-OLIVA, CECILIA MARIEL 
Carreras: Todas  
Curso: 20B
Lunes 19:00 21:00 PC
Lunes 17:00 19:00 PC
Miércoles 19:00 21:00 PC
Miércoles 17:00 19:00 PC

Materia: 6103 ANALISIS MATEMATICO II A Vacantes: 35 
Docente: COMAS, JORGE MIGUEL-OLIVA, CECILIA MARIEL 
Carreras: Todas  
Curso: 22A
Martes 18:00 20:00 PC
Viernes 18:00 20:00 PC
Martes 20:00 22:00 PC
Viernes 20:00 22:00 PC

Materia: 6103 ANALISIS MATEMATICO II A Vacantes: 35 
Docente: COMAS, JORGE MIGUEL-OLIVA, CECILIA MARIEL 
Carreras: Todas  
Curso: 22B
Martes 18:00 20:00 PC
Viernes 18:00 20:00 PC
Martes 20:00 22:00 PC
Viernes 20:00 22:00 PC

Materia: 6103 ANALISIS MATEMATICO II A Vacantes: 35 
Docente: COMAS, JORGE MIGUEL-OLIVA, CECILIA MARIEL 
Carreras: Todas  
Curso: 23
Miércoles 09:00 11:00 PC
Miércoles 07:00 09:00 PC
Lunes 09:00 11:00 PC
Lunes 07:00 09:00 PC

Materia: 6103 ANALISIS MATEMATICO II A Vacantes: 35 
Docente: GIGOLA, SILVIA VIVIANA-DE ROSSI, F. D 
Carreras: Todas  
Curso: 3A
Miércoles 14:00 16:00 PC
Viernes 14:00 16:00 PC
Miércoles 16:00 18:00 PC
Viernes 16:00 18:00 PC

Materia: 6103 ANALISIS MATEMATICO II A Vacantes: 35 
Docente: GIGOLA, SILVIA VIVIANA-HERRMANN, GUILLERMO WALTER-ROMERO, F A 
Carreras: Todas  
Curso: 3B
Miércoles 14:00 16:00 PC
Viernes 14:00 16:00 PC
Miércoles 16:00 18:00 PC
Viernes 16:00 18:00 PC

Materia: 6103 ANALISIS MATEMATICO II A Vacantes: 35 
Docente: ZITTO, MIGUEL E-ROSITO, CLAUS MARTIN-GOMEZ CIAPPONI, LAUTARO 
Carreras: Todas  
Curso: 4A
Martes 11:00 13:00 PC
Martes 09:00 11:00 PC
Viernes 09:00 11:00 PC
Viernes 11:00 13:00 PC

Materia: 6103 ANALISIS MATEMATICO II A Vacantes: 35 
Docente: ZITTO, MIGUEL E 
Carreras: Todas  
Curso: 4B
Martes 11:00 13:00 PC
Martes 09:00 11:00 PC
Viernes 09:00 11:00 PC
Viernes 11:00 13:00 PC

Materia: 6103 ANALISIS MATEMATICO II A Vacantes: 35 
Docente: MAULHARDT, MARTIN ENRIQUE-PUEBLA, MANUEL LEANDRO-RAMIREZ OYHANAR 
Carreras: Todas  
Curso: 5A
Martes 11:00 13:00 PC
Martes 09:00 11:00 PC
Viernes 09:00 11:00 PC
Viernes 11:00 13:00 PC

Materia: 6103 ANALISIS MATEMATICO II A Vacantes: 35 
Docente: MAULHARDT, MARTIN ENRIQUE-MONZON, NELSON-REDONDO, NICOLÁS A 
Carreras: Todas  
Curso: 5B
Martes 11:00 13:00 PC
Martes 09:00 11:00 PC
Viernes 09:00 11:00 PC
Viernes 11:00 13:00 PC

Materia: 6103 ANALISIS MATEMATICO II A Vacantes: 35 
Docente: CHORNY, F.-SOLA, MARCOS OSCAR-CANEPA, VICTOR MANUEL 
Carreras: Todas  
Curso: 6A
Lunes 15:00 17:00 PC
Miércoles 15:00 17:00 PC
Lunes 13:00 15:00 PC
Miércoles 13:00 15:00 PC

Materia: 6103 ANALISIS MATEMATICO II A Vacantes: 35 
Docente: CHORNY, F.-BERGAMINI, MARIA LORENA-LIBERCZUK, S J-OLIVA, CARLA MARIAN 
Carreras: Todas  
Curso: 6B
Lunes 15:00 17:00 PC
Miércoles 15:00 17:00 PC
Lunes 13:00 15:00 PC
Miércoles 13:00 15:00 PC

Materia: 6103 ANALISIS MATEMATICO II A Vacantes: 35 
Docente: SOSA, MARINA-FITTIPALDI, MARÍA SOL 
Carreras: Todas  
Curso: 8
Lunes 11:00 13:00 PC
Miércoles 11:00 13:00 PC
Lunes 09:00 11:00 PC
Miércoles 09:00 11:00 PC

Materia: 6103 ANALISIS MATEMATICO II A Vacantes: 35 
Docente: UNGER, CRISTINA ALICIA-PALACIOS, PATRICIA ELIZABE 
Carreras: Todas  
Curso: 9
Lunes 11:00 13:00 PC
Miércoles 11:00 13:00 PC
Lunes 09:00 11:00 PC
Miércoles 09:00 11:00 PC

"
"7094";"1Q2019";"ANALISIS MATEMATICO II A";"6106";"Materia: 6106 ANALISIS MATEMATICO II A Vacantes: 35 
Docente: COMAS, JORGE MIGUEL-OLIVA, CECILIA MARIEL 
Carreras: Civil, Naval, Agrim, Mecánica, Electricista, Química, Alimentos, Ing. Agrim  
Curso: 1
Miércoles 08:00 12:00 PC

Materia: 6106 ANALISIS MATEMATICO II A Vacantes: 35 
Docente: COMAS, JORGE MIGUEL-OLIVA, CECILIA MARIEL 
Carreras: Civil, Naval, Agrim, Mecánica, Electricista, Química, Alimentos, Ing. Agrim  
Curso: 12
Jueves 14:00 18:00 PC
Martes 14:00 16:00 PC

Materia: 6106 ANALISIS MATEMATICO II A Vacantes: 35 
Docente: COMAS, JORGE MIGUEL-OLIVA, CECILIA MARIEL 
Carreras: Civil, Naval, Agrim, Mecánica, Electricista, Química, Alimentos, Ing. Agrim  
Curso: 16
Martes 11:00 13:00 PC
Jueves 09:00 13:00 PC

Materia: 6106 ANALISIS MATEMATICO II A Vacantes: 35 
Docente: COMAS, JORGE MIGUEL-OLIVA, CECILIA MARIEL 
Carreras: Civil, Naval, Agrim, Mecánica, Electricista, Química, Alimentos, Ing. Agrim  
Curso: 17
Viernes 09:00 11:00 PC
Miércoles 09:00 13:00 PC

Materia: 6106 ANALISIS MATEMATICO II A Vacantes: 35 
Docente: COMAS, JORGE MIGUEL-OLIVA, CECILIA MARIEL 
Carreras: Civil, Naval, Agrim, Mecánica, Electricista, Química, Alimentos, Ing. Agrim  
Curso: 19
Jueves 19:00 21:00 PC
Martes 18:00 22:00 PC

Materia: 6106 ANALISIS MATEMATICO II A Vacantes: 35 
Docente: COMAS, JORGE MIGUEL-OLIVA, CECILIA MARIEL 
Carreras: Civil, Naval, Agrim, Mecánica, Electricista, Química, Alimentos, Ing. Agrim  
Curso: 3
Viernes 16:00 20:00 PC

Materia: 6106 ANALISIS MATEMATICO II A Vacantes: 35 
Docente: COMAS, JORGE MIGUEL-OLIVA, CECILIA MARIEL 
Carreras: Civil, Naval, Agrim, Mecánica, Electricista, Química, Alimentos, Ing. Agrim  
Curso: 4
Jueves 14:00 18:00 PC

Materia: 6106 ANALISIS MATEMATICO II A Vacantes: 35 
Docente: COMAS, JORGE MIGUEL-OLIVA, CECILIA MARIEL 
Carreras: Civil, Naval, Agrim, Mecánica, Electricista, Química, Alimentos, Ing. Agrim  
Curso: 5
Martes 18:00 22:00 PC

Materia: 6106 ANALISIS MATEMATICO II A Vacantes: 35 
Docente: COMAS, JORGE MIGUEL-OLIVA, CECILIA MARIEL 
Carreras: Civil, Naval, Agrim, Mecánica, Electricista, Química, Alimentos, Ing. Agrim  
Curso: 8
Martes 14:00 18:00 PC

"
"7095";"1Q2019";"ANALISIS MATEMATICO II A";"6107";"Materia: 6107 ANALISIS MATEMATICO II A Vacantes: 35 
Docente: COMAS, JORGE MIGUEL-OLIVA, CECILIA MARIEL 
Carreras: Electrónica, Sistemas, Informática  
Curso: 1
Miércoles 08:00 11:00 PC
Lunes 08:00 11:00 PC

Materia: 6107 ANALISIS MATEMATICO II A Vacantes: 35 
Docente: COMAS, JORGE MIGUEL-OLIVA, CECILIA MARIEL 
Carreras: Electrónica, Sistemas, Informática  
Curso: 2A
Lunes 18:00 21:00 PC
Martes 18:00 21:00 PC

Materia: 6107 ANALISIS MATEMATICO II A Vacantes: 35 
Docente: COMAS, JORGE MIGUEL-OLIVA, CECILIA MARIEL 
Carreras: Electrónica, Sistemas, Informática  
Curso: 2B
Martes 18:00 21:00 PC
Martes 15:00 18:00 PC

"
"7096";"1Q2019";"ANALISIS MATEMATICO II A";"6108";"Materia: 6108 ANALISIS MATEMATICO II A Vacantes: 35 
Docente: COMAS, JORGE MIGUEL-OLIVA, CECILIA MARIEL 
Carreras: Civil, Industrial, Naval, Mecánica, Electricista, Electrónica, Química, Sistemas, Informática, Alimentos  
Curso: 10
Viernes 11:00 13:00 PC
Viernes 09:00 11:00 PC
Miércoles 11:00 13:00 PC
Miércoles 09:00 11:00 PC

Materia: 6108 ANALISIS MATEMATICO II A Vacantes: 35 
Docente: COMAS, JORGE MIGUEL-OLIVA, CECILIA MARIEL 
Carreras: Civil, Industrial, Naval, Mecánica, Electricista, Electrónica, Química, Sistemas, Informática, Alimentos  
Curso: 11
Lunes 11:00 13:00 PC
Miércoles 11:00 13:00 PC
Lunes 09:00 11:00 PC
Miércoles 09:00 11:00 PC

Materia: 6108 ANALISIS MATEMATICO II A Vacantes: 35 
Docente: COMAS, JORGE MIGUEL-OLIVA, CECILIA MARIEL 
Carreras: Civil, Industrial, Naval, Mecánica, Electricista, Electrónica, Química, Sistemas, Informática, Alimentos  
Curso: 13
Viernes 15:00 17:00 PC
Miércoles 15:00 17:00 PC
Viernes 13:00 15:00 PC
Miércoles 13:00 15:00 PC

Materia: 6108 ANALISIS MATEMATICO II A Vacantes: 35 
Docente: COMAS, JORGE MIGUEL-OLIVA, CECILIA MARIEL 
Carreras: Civil, Industrial, Naval, Mecánica, Electricista, Electrónica, Química, Sistemas, Informática, Alimentos  
Curso: 15A
Lunes 19:00 21:00 PC
Lunes 17:00 19:00 PC
Miércoles 19:00 21:00 PC
Miércoles 17:00 19:00 PC

Materia: 6108 ANALISIS MATEMATICO II A Vacantes: 35 
Docente: COMAS, JORGE MIGUEL-OLIVA, CECILIA MARIEL 
Carreras: Civil, Industrial, Naval, Mecánica, Electricista, Electrónica, Química, Sistemas, Informática, Alimentos  
Curso: 15B
Lunes 19:00 21:00 PC
Lunes 17:00 19:00 PC
Miércoles 19:00 21:00 PC
Miércoles 17:00 19:00 PC

Materia: 6108 ANALISIS MATEMATICO II A Vacantes: 35 
Docente: COMAS, JORGE MIGUEL-OLIVA, CECILIA MARIEL 
Carreras: Civil, Industrial, Naval, Mecánica, Electricista, Electrónica, Química, Sistemas, Informática, Alimentos  
Curso: 17
Martes 09:00 11:00 PC
Jueves 07:00 09:00 PC
Martes 07:00 09:00 PC
Jueves 09:00 11:00 PC

Materia: 6108 ANALISIS MATEMATICO II A Vacantes: 35 
Docente: COMAS, JORGE MIGUEL-OLIVA, CECILIA MARIEL 
Carreras: Civil, Industrial, Naval, Mecánica, Electricista, Electrónica, Química, Sistemas, Informática, Alimentos  
Curso: 19
Lunes 15:00 17:00 PC
Miércoles 15:00 17:00 PC
Lunes 13:00 15:00 PC
Miércoles 13:00 15:00 PC

Materia: 6108 ANALISIS MATEMATICO II A Vacantes: 35 
Docente: COMAS, JORGE MIGUEL-OLIVA, CECILIA MARIEL 
Carreras: Civil, Industrial, Naval, Mecánica, Electricista, Electrónica, Química, Sistemas, Informática, Alimentos  
Curso: 1A
Lunes 11:00 13:00 PC
Miércoles 11:00 13:00 PC
Lunes 09:00 11:00 PC
Miércoles 09:00 11:00 PC

Materia: 6108 ANALISIS MATEMATICO II A Vacantes: 35 
Docente: COMAS, JORGE MIGUEL-OLIVA, CECILIA MARIEL 
Carreras: Civil, Industrial, Naval, Mecánica, Electricista, Electrónica, Química, Sistemas, Informática, Alimentos  
Curso: 1B
Lunes 11:00 13:00 PC
Miércoles 11:00 13:00 PC
Lunes 09:00 11:00 PC
Miércoles 09:00 11:00 PC

Materia: 6108 ANALISIS MATEMATICO II A Vacantes: 35 
Docente: COMAS, JORGE MIGUEL-OLIVA, CECILIA MARIEL 
Carreras: Civil, Industrial, Naval, Mecánica, Electricista, Electrónica, Química, Sistemas, Informática, Alimentos  
Curso: 2A
Jueves 16:00 18:00 PC
Martes 16:00 18:00 PC
Martes 14:00 16:00 PC
Jueves 14:00 16:00 PC

Materia: 6108 ANALISIS MATEMATICO II A Vacantes: 35 
Docente: COMAS, JORGE MIGUEL-OLIVA, CECILIA MARIEL 
Carreras: Civil, Industrial, Naval, Mecánica, Electricista, Electrónica, Química, Sistemas, Informática, Alimentos  
Curso: 2B
Jueves 16:00 18:00 PC
Martes 16:00 18:00 PC
Martes 14:00 16:00 PC
Jueves 14:00 16:00 PC
Miércoles 15:00 19:00 PC

Materia: 6108 ANALISIS MATEMATICO II A Vacantes: 35 
Docente: COMAS, JORGE MIGUEL-OLIVA, CECILIA MARIEL 
Carreras: Civil, Industrial, Naval, Mecánica, Electricista, Electrónica, Química, Sistemas, Informática, Alimentos  
Curso: 3
Viernes 11:00 13:00 PC
Viernes 09:00 11:00 PC
Miércoles 11:00 13:00 PC
Miércoles 09:00 11:00 PC

Materia: 6108 ANALISIS MATEMATICO II A Vacantes: 35 
Docente: COMAS, JORGE MIGUEL-OLIVA, CECILIA MARIEL 
Carreras: Civil, Industrial, Naval, Mecánica, Electricista, Electrónica, Química, Sistemas, Informática, Alimentos  
Curso: 4
Martes 11:00 13:00 PC
Martes 09:00 11:00 PC
Jueves 09:00 11:00 PC
Jueves 11:00 13:00 PC

Materia: 6108 ANALISIS MATEMATICO II A Vacantes: 35 
Docente: COMAS, JORGE MIGUEL-OLIVA, CECILIA MARIEL 
Carreras: Civil, Industrial, Naval, Mecánica, Electricista, Electrónica, Química, Sistemas, Informática, Alimentos  
Curso: 6A
Lunes 11:00 13:00 PC
Miércoles 11:00 13:00 PC
Lunes 09:00 11:00 PC
Miércoles 09:00 11:00 PC

Materia: 6108 ANALISIS MATEMATICO II A Vacantes: 35 
Docente: COMAS, JORGE MIGUEL-OLIVA, CECILIA MARIEL 
Carreras: Civil, Industrial, Naval, Mecánica, Electricista, Electrónica, Química, Sistemas, Informática, Alimentos  
Curso: 6B
Lunes 11:00 13:00 PC
Miércoles 11:00 13:00 PC
Lunes 09:00 11:00 PC
Miércoles 09:00 11:00 PC

Materia: 6108 ANALISIS MATEMATICO II A Vacantes: 35 
Docente: COMAS, JORGE MIGUEL-OLIVA, CECILIA MARIEL 
Carreras: Civil, Industrial, Naval, Mecánica, Electricista, Electrónica, Química, Sistemas, Informática, Alimentos  
Curso: 7A
Martes 11:00 13:00 PC
Martes 09:00 11:00 PC
Jueves 09:00 11:00 PC
Jueves 11:00 13:00 PC

Materia: 6108 ANALISIS MATEMATICO II A Vacantes: 35 
Docente: COMAS, JORGE MIGUEL-OLIVA, CECILIA MARIEL 
Carreras: Civil, Industrial, Naval, Mecánica, Electricista, Electrónica, Química, Sistemas, Informática, Alimentos  
Curso: 7B
Martes 11:00 13:00 PC
Martes 09:00 11:00 PC
Jueves 09:00 11:00 PC
Jueves 11:00 13:00 PC

Materia: 6108 ANALISIS MATEMATICO II A Vacantes: 35 
Docente: COMAS, JORGE MIGUEL-OLIVA, CECILIA MARIEL 
Carreras: Civil, Industrial, Naval, Mecánica, Electricista, Electrónica, Química, Sistemas, Informática, Alimentos  
Curso: 9
Martes 18:00 20:00 PC
Jueves 20:00 22:00 PC
Martes 20:00 22:00 PC
Jueves 18:00 20:00 PC

"
"7097";"1Q2019";"ANALISIS MATEMATICO II A";"6109";"Materia: 6109 ANALISIS MATEMATICO II A Vacantes: 35 
Docente: COMAS, JORGE MIGUEL-OLIVA, CECILIA MARIEL 
Carreras: Electrónica, Sistemas, Informática  
Curso: 22
Lunes 19:00 21:00 PC
Miércoles 19:00 23:00 PC

Materia: 6109 ANALISIS MATEMATICO II A Vacantes: 35 
Docente: COMAS, JORGE MIGUEL-OLIVA, CECILIA MARIEL 
Carreras: Electrónica, Sistemas, Informática  
Curso: 24
Miércoles 09:00 13:00 PC
Lunes 09:00 11:00 PC

Materia: 6109 ANALISIS MATEMATICO II A Vacantes: 35 
Docente: COMAS, JORGE MIGUEL-OLIVA, CECILIA MARIEL 
Carreras: Electrónica, Sistemas, Informática  
Curso: 26
Lunes 15:00 17:00 PC
Miércoles 15:00 19:00 PC

Materia: 6109 ANALISIS MATEMATICO II A Vacantes: 35 
Docente: COMAS, JORGE MIGUEL-OLIVA, CECILIA MARIEL 
Carreras: Electrónica, Sistemas, Informática  
Curso: 28
Martes 09:00 13:00 PC
Jueves 09:00 11:00 PC

"
"7098";"1Q2019";"ANALISIS MATEMATICO II A";"6110";"Materia: 6110 ANALISIS MATEMATICO II A Vacantes: 35 
Docente: COMAS, JORGE MIGUEL-OLIVA, CECILIA MARIEL 
Carreras: Industrial, Electricista, Electrónica, Informática  
Curso: 1
Martes 11:00 13:00 PC
Martes 09:00 11:00 PC
Jueves 09:00 11:00 PC
Jueves 11:00 13:00 PC

Materia: 6110 ANALISIS MATEMATICO II A Vacantes: 35 
Docente: COMAS, JORGE MIGUEL-OLIVA, CECILIA MARIEL 
Carreras: Industrial, Electricista, Electrónica, Informática  
Curso: 2
Martes 11:00 13:00 PC
Martes 09:00 11:00 PC
Viernes 09:00 11:00 PC
Viernes 11:00 13:00 PC

Materia: 6110 ANALISIS MATEMATICO II A Vacantes: 35 
Docente: COMAS, JORGE MIGUEL-OLIVA, CECILIA MARIEL 
Carreras: Industrial, Electricista, Electrónica, Informática  
Curso: 3
Lunes 18:00 20:00 PC
Miércoles 18:00 20:00 PC
Lunes 20:00 22:00 PC
Miércoles 20:00 22:00 PC

Materia: 6110 ANALISIS MATEMATICO II A Vacantes: 35 
Docente: COMAS, JORGE MIGUEL-OLIVA, CECILIA MARIEL 
Carreras: Industrial, Electricista, Electrónica, Informática  
Curso: 4
Jueves 16:00 18:00 PC
Martes 16:00 18:00 PC
Martes 14:00 16:00 PC
Jueves 14:00 16:00 PC

Materia: 6110 ANALISIS MATEMATICO II A Vacantes: 35 
Docente: COMAS, JORGE MIGUEL-OLIVA, CECILIA MARIEL 
Carreras: Industrial, Electricista, Electrónica, Informática  
Curso: 5
Jueves 16:00 18:00 PC
Martes 16:00 18:00 PC
Martes 14:00 16:00 PC
Jueves 14:00 16:00 PC

"
"7099";"1Q2019";"ANALISIS MATEMATICO II A";"6112";"Materia: 6112 ANALISIS MATEMATICO II A Vacantes: 35 
Docente: COMAS, JORGE MIGUEL-OLIVA, CECILIA MARIEL 
Carreras: Civil  
Curso: 1
Martes 11:00 13:00 PC
Martes 09:00 11:00 PC
Jueves 09:00 11:00 PC
Jueves 11:00 13:00 PC

Materia: 6112 ANALISIS MATEMATICO II A Vacantes: 35 
Docente: COMAS, JORGE MIGUEL-OLIVA, CECILIA MARIEL 
Carreras: Civil  
Curso: 2
Martes 11:00 13:00 PC
Martes 09:00 11:00 PC
Viernes 09:00 11:00 PC
Viernes 11:00 13:00 PC

Materia: 6112 ANALISIS MATEMATICO II A Vacantes: 35 
Docente: COMAS, JORGE MIGUEL-OLIVA, CECILIA MARIEL 
Carreras: Civil  
Curso: 3
Lunes 18:00 20:00 PC
Miércoles 18:00 20:00 PC
Lunes 20:00 22:00 PC
Miércoles 20:00 22:00 PC

Materia: 6112 ANALISIS MATEMATICO II A Vacantes: 35 
Docente: COMAS, JORGE MIGUEL-OLIVA, CECILIA MARIEL 
Carreras: Civil  
Curso: 4
Jueves 16:00 18:00 PC
Martes 16:00 18:00 PC
Martes 14:00 16:00 PC
Jueves 14:00 16:00 PC

Materia: 6112 ANALISIS MATEMATICO II A Vacantes: 35 
Docente: COMAS, JORGE MIGUEL-OLIVA, CECILIA MARIEL 
Carreras: Civil  
Curso: 5
Jueves 16:00 18:00 PC
Martes 16:00 18:00 PC
Martes 14:00 16:00 PC
Jueves 14:00 16:00 PC

"
"7100";"1Q2019";"ANALISIS MATEMATICO II A";"6113";"Materia: 6113 ANALISIS MATEMATICO II A Vacantes: 35 
Docente: COMAS, JORGE MIGUEL-OLIVA, CECILIA MARIEL 
Carreras: Mecánica  
Curso: 1
Jueves 18:00 22:00 PC

"
"7101";"1Q2019";"ANALISIS MATEMATICO II A";"6114";"Materia: 6114 ANALISIS MATEMATICO II A Vacantes: 35 
Docente: COMAS, JORGE MIGUEL-OLIVA, CECILIA MARIEL 
Carreras: Química, Alimentos  
Curso: 1
Martes 11:00 13:00 PC
Martes 09:00 11:00 PC
Jueves 09:00 11:00 PC
Jueves 11:00 13:00 PC

Materia: 6114 ANALISIS MATEMATICO II A Vacantes: 35 
Docente: COMAS, JORGE MIGUEL-OLIVA, CECILIA MARIEL 
Carreras: Química, Alimentos  
Curso: 2
Martes 11:00 13:00 PC
Martes 09:00 11:00 PC
Viernes 09:00 11:00 PC
Viernes 11:00 13:00 PC

Materia: 6114 ANALISIS MATEMATICO II A Vacantes: 35 
Docente: COMAS, JORGE MIGUEL-OLIVA, CECILIA MARIEL 
Carreras: Química, Alimentos  
Curso: 3
Lunes 18:00 20:00 PC
Miércoles 18:00 20:00 PC
Lunes 20:00 22:00 PC
Miércoles 20:00 22:00 PC

Materia: 6114 ANALISIS MATEMATICO II A Vacantes: 35 
Docente: COMAS, JORGE MIGUEL-OLIVA, CECILIA MARIEL 
Carreras: Química, Alimentos  
Curso: 4
Jueves 16:00 18:00 PC
Martes 16:00 18:00 PC
Martes 14:00 16:00 PC
Jueves 14:00 16:00 PC

Materia: 6114 ANALISIS MATEMATICO II A Vacantes: 35 
Docente: COMAS, JORGE MIGUEL-OLIVA, CECILIA MARIEL 
Carreras: Química, Alimentos  
Curso: 5
Jueves 16:00 18:00 PC
Martes 16:00 18:00 PC
Martes 14:00 16:00 PC
Jueves 14:00 16:00 PC

"
"7102";"1Q2019";"ANALISIS MATEMATICO II A";"6116";"Materia: 6116 ANALISIS MATEMATICO II A Vacantes: 35 
Docente: COMAS, JORGE MIGUEL-OLIVA, CECILIA MARIEL 
Carreras: Naval  
Curso: 1
Martes 11:00 13:00 PC
Martes 09:00 11:00 PC
Jueves 09:00 11:00 PC
Jueves 11:00 13:00 PC

Materia: 6116 ANALISIS MATEMATICO II A Vacantes: 35 
Docente: COMAS, JORGE MIGUEL-OLIVA, CECILIA MARIEL 
Carreras: Naval  
Curso: 2
Martes 11:00 13:00 PC
Martes 09:00 11:00 PC
Viernes 09:00 11:00 PC
Viernes 11:00 13:00 PC

Materia: 6116 ANALISIS MATEMATICO II A Vacantes: 35 
Docente: COMAS, JORGE MIGUEL-OLIVA, CECILIA MARIEL 
Carreras: Naval  
Curso: 3
Lunes 18:00 20:00 PC
Miércoles 18:00 20:00 PC
Lunes 20:00 22:00 PC
Miércoles 20:00 22:00 PC

Materia: 6116 ANALISIS MATEMATICO II A Vacantes: 35 
Docente: COMAS, JORGE MIGUEL-OLIVA, CECILIA MARIEL 
Carreras: Naval  
Curso: 4
Jueves 16:00 18:00 PC
Martes 16:00 18:00 PC
Martes 14:00 16:00 PC
Jueves 14:00 16:00 PC

Materia: 6116 ANALISIS MATEMATICO II A Vacantes: 35 
Docente: COMAS, JORGE MIGUEL-OLIVA, CECILIA MARIEL 
Carreras: Naval  
Curso: 5
Jueves 16:00 18:00 PC
Martes 16:00 18:00 PC
Martes 14:00 16:00 PC
Jueves 14:00 16:00 PC

"
"7103";"1Q2019";"ANALISIS MATEMATICO II A";"6201";"Materia: 6201 ANALISIS MATEMATICO II A Vacantes: 35 
Docente: COMAS, JORGE MIGUEL-OLIVA, CECILIA MARIEL 
Carreras: Civil, Industrial, Naval, Agrim, Mecánica, Electricista, Electrónica, Química, Informática, Ing. Agrim  
Curso: 1
Miércoles 14:00 18:00 PC
Lunes 14:00 18:00 PC

Materia: 6201 ANALISIS MATEMATICO II A Vacantes: 35 
Docente: CORNEJO, JORGE N-SOLA, MARCOS OSCAR-GONZALEZ, P MARTIN-PAPA, H ALD 
Carreras: Civil, Industrial, Naval, Agrim, Mecánica, Electricista, Electrónica, Química, Informática, Ing. Agrim  
Curso: 10
Lunes 13:00 17:00 PC
Jueves 13:00 17:00 PC

Materia: 6201 ANALISIS MATEMATICO II A Vacantes: 35 
Docente: FONTANA, MARCELO RAUL-ROSSI, S-SOLA, MARCOS OSCAR-ZALCMAN, ALEXIS 
Carreras: Civil, Industrial, Naval, Agrim, Mecánica, Electricista, Electrónica, Química, Informática, Ing. Agrim  
Curso: 11
Jueves 09:00 13:00 PC
Martes 09:00 13:00 PC

Materia: 6201 ANALISIS MATEMATICO II A Vacantes: 35 
Docente: BARASCH, CARLOS MIGUEL-CORACH, JULIÁN-STRUSIAT, PAMELA IVANA 
Carreras: Civil, Industrial, Naval, Agrim, Mecánica, Electricista, Electrónica, Química, Informática, Ing. Agrim  
Curso: 12
Martes 15:00 17:00 PC
Martes 13:00 15:00 PC
Viernes 13:00 17:00 PC

Materia: 6201 ANALISIS MATEMATICO II A Vacantes: 35 
Docente: GAREA, MARIA TERESA-MIRALLES, MONICA TERESITA-STRUSIAT, PAMELA IV 
Carreras: Civil, Industrial, Naval, Agrim, Mecánica, Electricista, Electrónica, Química, Informática, Ing. Agrim  
Curso: 13
Viernes 08:00 12:00 PC
Miércoles 08:00 12:00 PC

Materia: 6201 ANALISIS MATEMATICO II A Vacantes: 35 
Docente: CORSINI, ALICIA BEATRIZ-BELLOCQ, ELISABET CRISTINA-REBOREDO, G BEATRI- 
Carreras: Civil, Industrial, Naval, Agrim, Mecánica, Electricista, Electrónica, Química, Informática, Ing. Agrim  
Curso: 14
Lunes 08:00 12:00 PC
Miércoles 08:00 12:00 PC

Materia: 6201 ANALISIS MATEMATICO II A Vacantes: 35 
Docente: VEIRAS, FRANCISCO EZEQUIEL-CIOCCI, BRAZZANO LIGIA-GARCIA MARRA, SEBAS 
Carreras: Civil, Industrial, Naval, Agrim, Mecánica, Electricista, Electrónica, Química, Informática, Ing. Agrim  
Curso: 15
Lunes 08:00 12:00 PC
Jueves 08:00 12:00 PC

Materia: 6201 ANALISIS MATEMATICO II A Vacantes: 35 
Docente: BOSCHAN, A-CAMUYRANO, MARIO-BELLOCQ, ELISABET CRISTINA-VAZQUEZ, PA 
Carreras: Civil, Industrial, Naval, Agrim, Mecánica, Electricista, Electrónica, Química, Informática, Ing. Agrim  
Curso: 16
Jueves 09:00 13:00 PC
Martes 09:00 13:00 PC

Materia: 6201 ANALISIS MATEMATICO II A Vacantes: 35 
Docente: COMAS, JORGE MIGUEL-OLIVA, CECILIA MARIEL 
Carreras: Civil, Industrial, Naval, Agrim, Mecánica, Electricista, Electrónica, Química, Informática, Ing. Agrim  
Curso: 2
Viernes 08:00 12:00 PC
Martes 08:00 12:00 PC

Materia: 6201 ANALISIS MATEMATICO II A Vacantes: 35 
Docente: COMAS, JORGE MIGUEL-OLIVA, CECILIA MARIEL 
Carreras: Civil, Industrial, Naval, Agrim, Mecánica, Electricista, Electrónica, Química, Informática, Ing. Agrim  
Curso: 3
Lunes 08:00 12:00 PC
Miércoles 08:00 12:00 PC

Materia: 6201 ANALISIS MATEMATICO II A Vacantes: 35 
Docente: COMAS, JORGE MIGUEL-OLIVA, CECILIA MARIEL 
Carreras: Civil, Industrial, Naval, Agrim, Mecánica, Electricista, Electrónica, Química, Informática, Ing. Agrim  
Curso: 4
Martes 15:00 19:00 PC
Jueves 15:00 19:00 PC

Materia: 6201 ANALISIS MATEMATICO II A Vacantes: 35 
Docente: COMAS, JORGE MIGUEL-OLIVA, CECILIA MARIEL 
Carreras: Civil, Industrial, Naval, Agrim, Mecánica, Electricista, Electrónica, Química, Informática, Ing. Agrim  
Curso: 5
Martes 15:00 19:00 PC
Jueves 17:00 21:00 PC
Jueves 16:00 20:00 PC
Martes 16:00 20:00 PC

Materia: 6201 ANALISIS MATEMATICO II A Vacantes: 35 
Docente: COMAS, JORGE MIGUEL-OLIVA, CECILIA MARIEL 
Carreras: Civil, Industrial, Naval, Agrim, Mecánica, Electricista, Electrónica, Química, Informática, Ing. Agrim  
Curso: 6
Martes 19:00 23:00 PC
Jueves 19:00 23:00 PC

Materia: 6201 ANALISIS MATEMATICO II A Vacantes: 35 
Docente: COMAS, JORGE MIGUEL-OLIVA, CECILIA MARIEL 
Carreras: Civil, Industrial, Naval, Agrim, Mecánica, Electricista, Electrónica, Química, Informática, Ing. Agrim  
Curso: 7
Lunes 19:00 23:00 PC
Miércoles 19:00 23:00 PC

Materia: 6201 ANALISIS MATEMATICO II A Vacantes: 35 
Docente: COMAS, JORGE MIGUEL-OLIVA, CECILIA MARIEL 
Carreras: Civil, Industrial, Naval, Agrim, Mecánica, Electricista, Electrónica, Química, Informática, Ing. Agrim  
Curso: 8
Martes 19:00 23:00 PC
Jueves 19:00 23:00 PC

Materia: 6201 ANALISIS MATEMATICO II A Vacantes: 35 
Docente: ACOSTA, E-ROBLE, MARIA BEATRIZ-INDELICATO, EVANGELINA LAURA 
Carreras: Civil, Industrial, Naval, Agrim, Mecánica, Electricista, Electrónica, Química, Informática, Ing. Agrim  
Curso: 9
Viernes 15:00 19:00 PC
Miércoles 15:00 19:00 PC

"
"7104";"1Q2019";"ANALISIS MATEMATICO II A";"6203";"Materia: 6203 ANALISIS MATEMATICO II A Vacantes: 35 
Docente: LEONE, ENRIQUE-POGGIO FRACCARI, E ARÍSTIDES-ZALCMAN, ALEXIS LEÓN 
Carreras: Civil, Industrial, Naval, Agrim, Mecánica, Electrónica, Informática, Ing. Agrim  
Curso: 1
Martes 11:00 13:00 PC
Martes 08:30 10:30 PC
Jueves 11:00 13:00 PC
Jueves 08:30 10:30 PC

Materia: 6203 ANALISIS MATEMATICO II A Vacantes: 35 
Docente: GONZALEZ, MARTIN GERMAN-APARICIO, RODOLFO RUBEN 
Carreras: Civil, Industrial, Naval, Agrim, Mecánica, Electrónica, Informática, Ing. Agrim  
Curso: 10
Miércoles 13:30 15:30 PC
Miércoles 10:30 12:30 PC
Viernes 10:30 12:30 PC
Viernes 13:30 15:30 PC

Materia: 6203 ANALISIS MATEMATICO II A Vacantes: 35 
Docente: FERRINI, ADRIAN-ROSCARDI, J E-BOTTESI, FEDERICO LUIS 
Carreras: Civil, Industrial, Naval, Agrim, Mecánica, Electrónica, Informática, Ing. Agrim  
Curso: 12
Viernes 18:30 20:30 PC
Miércoles 18:30 20:30 PC
Miércoles 16:30 18:30 PC
Viernes 16:30 18:30 PC

Materia: 6203 ANALISIS MATEMATICO II A Vacantes: 35 
Docente: REDIN, E GABRIEL-PAMPILLO, LAURA GABRIELA-GARCIA MARRA, SEBASTIÁN 
Carreras: Civil, Industrial, Naval, Agrim, Mecánica, Electrónica, Informática, Ing. Agrim  
Curso: 16
Lunes 13:30 17:30 PC

Materia: 6203 ANALISIS MATEMATICO II A Vacantes: 35 
Docente: PEREZ, LILIANA INES-RIOBÓ, LUCAS MATIAS 
Carreras: Civil, Industrial, Naval, Agrim, Mecánica, Electrónica, Informática, Ing. Agrim  
Curso: 3
Martes 13:00 15:00 PC
Jueves 10:00 12:00 PC
Jueves 13:00 15:00 PC
Martes 10:00 12:00 PC

Materia: 6203 ANALISIS MATEMATICO II A Vacantes: 35 
Docente: PIVA, MARCELO F-APARICIO, RODOLFO RUBEN-ORTIZ, SALVADOR CARLOS 
Carreras: Civil, Industrial, Naval, Agrim, Mecánica, Electrónica, Informática, Ing. Agrim  
Curso: 4
Jueves 17:00 19:00 PC
Jueves 15:00 17:00 PC
Martes 17:00 19:00 PC
Martes 15:00 17:00 PC

Materia: 6203 ANALISIS MATEMATICO II A Vacantes: 35 
Docente: PAGNOLA, MARCELO RUBEN-DI LUOZZO, NICOLAS 
Carreras: Civil, Industrial, Naval, Agrim, Mecánica, Electrónica, Informática, Ing. Agrim  
Curso: 5
Martes 15:00 17:00 PC
Jueves 15:00 17:00 PC
Martes 13:00 15:00 PC
Jueves 13:00 15:00 PC

Materia: 6203 ANALISIS MATEMATICO II A Vacantes: 35 
Docente: MARGONARI, E JOSE-CANERO, ARMANDO TOMÁS-BIANCHETTI, ARTURO 
Carreras: Civil, Industrial, Naval, Agrim, Mecánica, Electrónica, Informática, Ing. Agrim  
Curso: 6
Martes 18:00 20:00 PC
Jueves 20:00 22:00 PC
Martes 20:00 22:00 PC
Jueves 18:00 20:00 PC

Materia: 6203 ANALISIS MATEMATICO II A Vacantes: 35 
Docente: PAMPILLO, LAURA GABRIELA-ROHT, YANINA LUCRECIA-BILOVOL, VITALIY 
Carreras: Civil, Industrial, Naval, Agrim, Mecánica, Electrónica, Informática, Ing. Agrim  
Curso: 7
Miércoles 14:00 16:00 PC
Viernes 14:00 16:00 PC
Miércoles 16:30 18:30 PC
Viernes 16:30 18:30 PC

Materia: 6203 ANALISIS MATEMATICO II A Vacantes: 35 
Docente: ABRAHAM, D ALBERTO-PRESA, VERÓNICA  ANA-ARANDA CORDERO, C ZOZIMO- 
Carreras: Civil, Industrial, Naval, Agrim, Mecánica, Electrónica, Informática, Ing. Agrim  
Curso: 8
Viernes 08:00 10:00 PC
Miércoles 08:00 10:00 PC
Miércoles 10:30 12:30 PC
Viernes 10:30 12:30 PC

Materia: 6203 ANALISIS MATEMATICO II A Vacantes: 35 
Docente: GONZALEZ, MARTIN GERMAN-PRESA, VERÓNICA  ANA-PIÑERA, E ERNESTO-HDE 
Carreras: Civil, Industrial, Naval, Agrim, Mecánica, Electrónica, Informática, Ing. Agrim  
Curso: 9
Miércoles 13:30 15:30 PC
Miércoles 10:30 12:30 PC
Viernes 10:30 12:30 PC
Viernes 13:30 15:30 PC

"
"7105";"1Q2019";"ANALISIS MATEMATICO II A";"6204";"Materia: 6204 ANALISIS MATEMATICO II A Vacantes: 35 
Docente: SANTIAGO, GUILLERMO D-BINDA, Leonardo David-URDANIZ, MARÍA CORINA-MASU 
Carreras: Electricista, Química  
Curso: 1
Martes 11:30 13:00 PC
Martes 09:30 11:00 PC
Jueves 09:30 11:00 PC
Jueves 11:30 13:00 PC

Materia: 6204 ANALISIS MATEMATICO II A Vacantes: 35 
Docente: REDIN, E GABRIEL-PAMPILLO, LAURA GABRIELA-GARCIA MARRA, SEBASTIÁN 
Carreras: Electricista, Química  
Curso: 12
Lunes 13:30 17:30 PC

Materia: 6204 ANALISIS MATEMATICO II A Vacantes: 35 
Docente: HOGERT, ELSA NOEMI-de PERINI, CARLOS MARIA-FRANQUEIRO, MARIA LUZ-POL 
Carreras: Electricista, Química  
Curso: 2
Viernes 19:00 20:30 PC
Miércoles 17:00 18:30 PC
Viernes 17:00 18:30 PC
Miércoles 19:00 20:30 PC

"
"7106";"1Q2019";"ANALISIS MATEMATICO II A";"6205";"Materia: 6205 ANALISIS MATEMATICO II A Vacantes: 35 
Docente: OZOLS, A-FERNANDEZ, VIRGINIA VELMA-PUCEIRO, A JOSE LUIS 
Carreras: Electricista, Electrónica  
Curso: 1
Jueves 14:00 18:00 PC
Martes 13:00 19:00 PC

"
"7107";"1Q2019";"ANALISIS MATEMATICO II A";"6206";"Materia: 6206 ANALISIS MATEMATICO II A Vacantes: 35 
Docente: MATTEO, CLAUDIA LEDA-SAMBUCO SALOMONE, LUCAS IGNACIO-DELFINO, P MAR 
Carreras: Industrial, Naval, Mecánica  
Curso: 1
Miércoles 15:00 18:00 PC
Viernes 15:00 18:00 PC

"
"7108";"1Q2019";"ANALISIS MATEMATICO II A";"6207";"Materia: 6207 ANALISIS MATEMATICO II A Vacantes: 35 
Docente: SORICHETTI, P ANIB-SÁNCHEZ SARMIENTO, F. BENJAMÍN 
Carreras: Industrial, Mecánica  
Curso: 1
Miércoles 15:00 19:00 PC

"
"7109";"1Q2019";"ANALISIS MATEMATICO II A";"6208";"Materia: 6208 ANALISIS MATEMATICO II A Vacantes: 35 
Docente: REY VEGA, LEONARDO J-CORIZZO, S J-MATEU SANTOS, JULIAN MAURO-GRANE 
Carreras: Electricista  
Curso: 1
Lunes 19:00 22:00 PC
Jueves 18:00 21:00 PC

"
"7110";"1Q2019";"ANALISIS MATEMATICO II A";"6209";"Materia: 6209 ANALISIS MATEMATICO II A Vacantes: 35 
Docente: REY VEGA, LEONARDO J-CORIZZO, S J-MATEU SANTOS, JULIAN MAURO-GRANE 
Carreras: Electrónica  
Curso: 1
Lunes 19:00 22:00 PC
Jueves 18:00 21:00 PC

"
"7111";"1Q2019";"ANALISIS MATEMATICO II A";"6210";"Materia: 6210 ANALISIS MATEMATICO II A Vacantes: 35 
Docente: REY VEGA, LEONARDO J-CORIZZO, S J-MATEU SANTOS, JULIAN MAURO-GRANE 
Carreras: Electrónica  
Curso: 1
Miércoles 16:00 19:00 PC
Lunes 16:00 19:00 PC

"
"7112";"1Q2019";"ANALISIS MATEMATICO II A";"6211";"Materia: 6211 ANALISIS MATEMATICO II A Vacantes: 35 
Docente: REY VEGA, LEONARDO J-CORIZZO, S J-MATEU SANTOS, JULIAN MAURO-GRANE 
Carreras: Electricista, Electrónica, Informática  
Curso: 1
Martes 17:00 21:00 PC

"
"7113";"1Q2019";"ANALISIS MATEMATICO II A";"6213";"Materia: 6213 ANALISIS MATEMATICO II A Vacantes: 35 
Docente: REY VEGA, LEONARDO J-CORIZZO, S J-MATEU SANTOS, JULIAN MAURO-GRANE 
Carreras: Industrial, Química  
Curso: 1
Jueves 12:00 15:00 PC
Jueves 15:00 18:00 PC

Materia: 6213 ANALISIS MATEMATICO II A Vacantes: 35 
Docente: REY VEGA, LEONARDO J-CORIZZO, S J-MATEU SANTOS, JULIAN MAURO-GRANE 
Carreras: Industrial, Química  
Curso: 2
Jueves 16:00 22:00 PC

"
"7114";"1Q2019";"ANALISIS MATEMATICO II A";"6215";"Materia: 6215 ANALISIS MATEMATICO II A Vacantes: 35 
Docente: REY VEGA, LEONARDO J-CORIZZO, S J-MATEU SANTOS, JULIAN MAURO-GRANE 
Carreras: Informática  
Curso: 1
Jueves 11:00 13:00 PC
Miércoles 11:00 13:00 PC

Materia: 6215 ANALISIS MATEMATICO II A Vacantes: 35 
Docente: REY VEGA, LEONARDO J-CORIZZO, S J-MATEU SANTOS, JULIAN MAURO-GRANE 
Carreras: Informática  
Curso: 2
Viernes 16:30 17:30 PC
Viernes 15:00 16:00 PC
Miércoles 16:30 17:30 PC
Miércoles 15:00 16:00 PC

"
"7115";"1Q2019";"ANALISIS MATEMATICO II A";"6218";"Materia: 6218 ANALISIS MATEMATICO II A Vacantes: 35 
Docente: REY VEGA, LEONARDO J-CORIZZO, S J-MATEU SANTOS, JULIAN MAURO-GRANE 
Carreras: Mecánica, Química  
Curso: 1
Martes 13:30 17:30 PC

"
"7116";"1Q2019";"ANALISIS MATEMATICO II A";"6301";"Materia: 6301 ANALISIS MATEMATICO II A Vacantes: 35 
Docente: REY VEGA, LEONARDO J-CORIZZO, S J-MATEU SANTOS, JULIAN MAURO-GRANE 
Carreras: Industrial  
Curso: 1
Lunes 11:00 13:00 PC
Miércoles 09:00 13:00 PC

Materia: 6301 ANALISIS MATEMATICO II A Vacantes: 35 
Docente: REY VEGA, LEONARDO J-CORIZZO, S J-MATEU SANTOS, JULIAN MAURO-GRANE 
Carreras: Industrial  
Curso: 10
Martes 09:30 12:30 PC
Jueves 09:30 12:30 PC

Materia: 6301 ANALISIS MATEMATICO II A Vacantes: 35 
Docente: REY VEGA, LEONARDO J-CORIZZO, S J-MATEU SANTOS, JULIAN MAURO-GRANE 
Carreras: Industrial  
Curso: 11
Lunes 17:30 20:30 PC
Miércoles 17:30 20:30 PC

Materia: 6301 ANALISIS MATEMATICO II A Vacantes: 35 
Docente: REY VEGA, LEONARDO J-CORIZZO, S J-MATEU SANTOS, JULIAN MAURO-GRANE 
Carreras: Industrial  
Curso: 14
Sábados 07:00 13:00 PC

Materia: 6301 ANALISIS MATEMATICO II A Vacantes: 35 
Docente: REY VEGA, LEONARDO J-CORIZZO, S J-MATEU SANTOS, JULIAN MAURO-GRANE 
Carreras: Industrial  
Curso: 16
Miércoles 09:00 13:00 PC
Martes 10:00 12:00 PC

Materia: 6301 ANALISIS MATEMATICO II A Vacantes: 35 
Docente: REY VEGA, LEONARDO J-CORIZZO, S J-MATEU SANTOS, JULIAN MAURO-GRANE 
Carreras: Industrial  
Curso: 17
Miércoles 16:00 18:00 PC
Jueves 15:00 19:00 PC

Materia: 6301 ANALISIS MATEMATICO II A Vacantes: 35 
Docente: REY VEGA, LEONARDO J-CORIZZO, S J-MATEU SANTOS, JULIAN MAURO-GRANE 
Carreras: Industrial  
Curso: 18
Lunes 19:00 21:00 PC
Jueves 18:30 22:30 PC

Materia: 6301 ANALISIS MATEMATICO II A Vacantes: 35 
Docente: REY VEGA, LEONARDO J-CORIZZO, S J-MATEU SANTOS, JULIAN MAURO-GRANE 
Carreras: Industrial  
Curso: 19
Miércoles 16:00 18:00 PC
Viernes 13:00 17:00 PC

Materia: 6301 ANALISIS MATEMATICO II A Vacantes: 35 
Docente: REY VEGA, LEONARDO J-CORIZZO, S J-MATEU SANTOS, JULIAN MAURO-GRANE 
Carreras: Industrial  
Curso: 2
Lunes 11:00 13:00 PC
Miércoles 19:00 23:00 PC

Materia: 6301 ANALISIS MATEMATICO II A Vacantes: 35 
Docente: REY VEGA, LEONARDO J-CORIZZO, S J-MATEU SANTOS, JULIAN MAURO-GRANE 
Carreras: Industrial  
Curso: 3
Lunes 11:00 13:00 PC
Jueves 09:00 13:00 PC

Materia: 6301 ANALISIS MATEMATICO II A Vacantes: 35 
Docente: REY VEGA, LEONARDO J-CORIZZO, S J-MATEU SANTOS, JULIAN MAURO-GRANE 
Carreras: Industrial  
Curso: 4
Jueves 14:00 18:00 PC
Lunes 14:00 16:00 PC

Materia: 6301 ANALISIS MATEMATICO II A Vacantes: 35 
Docente: REY VEGA, LEONARDO J-CORIZZO, S J-MATEU SANTOS, JULIAN MAURO-GRANE 
Carreras: Industrial  
Curso: 5
Lunes 14:00 16:00 PC
Jueves 18:00 22:00 PC

Materia: 6301 ANALISIS MATEMATICO II A Vacantes: 35 
Docente: REY VEGA, LEONARDO J-CORIZZO, S J-MATEU SANTOS, JULIAN MAURO-GRANE 
Carreras: Industrial  
Curso: 6
Viernes 09:00 13:00 PC
Lunes 14:00 16:00 PC

Materia: 6301 ANALISIS MATEMATICO II A Vacantes: 35 
Docente: REY VEGA, LEONARDO J-CORIZZO, S J-MATEU SANTOS, JULIAN MAURO-GRANE 
Carreras: Industrial  
Curso: 7
Viernes 14:00 18:00 PC
Lunes 14:00 16:00 PC

Materia: 6301 ANALISIS MATEMATICO II A Vacantes: 35 
Docente: REY VEGA, LEONARDO J-CORIZZO, S J-MATEU SANTOS, JULIAN MAURO-GRANE 
Carreras: Industrial  
Curso: 9
Miércoles 10:00 13:00 PC
Lunes 10:00 13:00 PC

"
"7117";"1Q2019";"ANALISIS MATEMATICO II A";"6302";"Materia: 6302 ANALISIS MATEMATICO II A Vacantes: 35 
Docente: REY VEGA, LEONARDO J-CORIZZO, S J-MATEU SANTOS, JULIAN MAURO-GRANE 
Carreras: Química, Alimentos  
Curso: 1
Miércoles 15:00 16:30 PC
Miércoles 09:00 12:00 PC
Martes 15:30 17:00 PC
Lunes 09:00 11:00 PC

Materia: 6302 ANALISIS MATEMATICO II A Vacantes: 35 
Docente: REY VEGA, LEONARDO J-CORIZZO, S J-MATEU SANTOS, JULIAN MAURO-GRANE 
Carreras: Química, Alimentos  
Curso: 2
Miércoles 15:00 16:30 PC
Miércoles 17:30 19:30 PC
Miércoles 19:30 22:30 PC
Martes 15:30 17:00 PC

Materia: 6302 ANALISIS MATEMATICO II A Vacantes: 35 
Docente: REY VEGA, LEONARDO J-CORIZZO, S J-MATEU SANTOS, JULIAN MAURO-GRANE 
Carreras: Química, Alimentos  
Curso: 3
Miércoles 15:00 16:30 PC
Jueves 12:00 14:00 PC
Martes 12:00 15:00 PC
Martes 15:30 17:00 PC

Materia: 6302 ANALISIS MATEMATICO II A Vacantes: 35 
Docente: REY VEGA, LEONARDO J-CORIZZO, S J-MATEU SANTOS, JULIAN MAURO-GRANE 
Carreras: Química, Alimentos  
Curso: 4
Miércoles 15:00 16:30 PC
Jueves 12:30 14:30 PC
Jueves 15:00 18:00 PC
Martes 15:30 17:00 PC

Materia: 6302 ANALISIS MATEMATICO II A Vacantes: 35 
Docente: REY VEGA, LEONARDO J-CORIZZO, S J-MATEU SANTOS, JULIAN MAURO-GRANE 
Carreras: Química, Alimentos  
Curso: 5
Miércoles 15:00 16:30 PC
Martes 09:00 12:00 PC
Jueves 09:00 11:00 PC
Martes 15:30 17:00 PC

"
"7118";"1Q2019";"ANALISIS MATEMATICO II A";"6305";"Materia: 6305 ANALISIS MATEMATICO II A Vacantes: 35 
Docente: REY VEGA, LEONARDO J-CORIZZO, S J-MATEU SANTOS, JULIAN MAURO-GRANE 
Carreras: Química, Alimentos  
Curso: 1
Lunes 11:00 13:00 PC
Martes 18:00 21:00 PC
Martes 13:00 16:00 PC

Materia: 6305 ANALISIS MATEMATICO II A Vacantes: 35 
Docente: REY VEGA, LEONARDO J-CORIZZO, S J-MATEU SANTOS, JULIAN MAURO-GRANE 
Carreras: Química, Alimentos  
Curso: 2
Miércoles 15:00 18:00 PC
Lunes 11:00 13:00 PC
Miércoles ` 21:00 PC

"
"7119";"1Q2019";"ANALISIS MATEMATICO II A";"6307";"Materia: 6307 ANALISIS MATEMATICO II A Vacantes: 35 
Docente: REY VEGA, LEONARDO J-CORIZZO, S J-MATEU SANTOS, JULIAN MAURO-GRANE 
Carreras: Química, Alimentos  
Curso: 1
Jueves 19:00 22:00 PC
Lunes 19:00 22:00 PC

"
"7120";"1Q2019";"ANALISIS MATEMATICO II A";"6310";"Materia: 6310 ANALISIS MATEMATICO II A Vacantes: 35 
Docente: REY VEGA, LEONARDO J-CORIZZO, S J-MATEU SANTOS, JULIAN MAURO-GRANE 
Carreras: Química  
Curso: 1
Jueves 14:00 16:00 PC
Jueves 10:00 14:00 PC

"
"7121";"1Q2019";"ANALISIS MATEMATICO II A";"6311";"Materia: 6311 ANALISIS MATEMATICO II A Vacantes: 35 
Docente: REY VEGA, LEONARDO J-CORIZZO, S J-MATEU SANTOS, JULIAN MAURO-GRANE 
Carreras: Industrial  
Curso: 1
Miércoles 10:00 13:00 PC
Lunes 10:00 13:00 PC

Materia: 6311 ANALISIS MATEMATICO II A Vacantes: 35 
Docente: REY VEGA, LEONARDO J-CORIZZO, S J-MATEU SANTOS, JULIAN MAURO-GRANE 
Carreras: Industrial  
Curso: 2
Lunes 19:00 22:00 PC
Miércoles 19:00 22:00 PC

Materia: 6311 ANALISIS MATEMATICO II A Vacantes: 35 
Docente: REY VEGA, LEONARDO J-CORIZZO, S J-MATEU SANTOS, JULIAN MAURO-GRANE 
Carreras: Industrial  
Curso: 3
Martes 10:00 13:00 PC
Jueves 10:00 13:00 PC

Materia: 6311 ANALISIS MATEMATICO II A Vacantes: 35 
Docente: REY VEGA, LEONARDO J-CORIZZO, S J-MATEU SANTOS, JULIAN MAURO-GRANE 
Carreras: Industrial  
Curso: 4
Martes 14:00 17:00 PC
Miércoles 14:00 17:00 PC

"
"7122";"1Q2019";"ANALISIS MATEMATICO II A";"6313";"Materia: 6313 ANALISIS MATEMATICO II A Vacantes: 35 
Docente: REY VEGA, LEONARDO J-CORIZZO, S J-MATEU SANTOS, JULIAN MAURO-GRANE 
Carreras: Química  
Curso: 1
Miércoles 17:00 18:30 PC
Miércoles 13:00 16:00 PC
Lunes 13:00 15:00 PC
Martes 15:30 17:00 PC

Materia: 6313 ANALISIS MATEMATICO II A Vacantes: 35 
Docente: REY VEGA, LEONARDO J-CORIZZO, S J-MATEU SANTOS, JULIAN MAURO-GRANE 
Carreras: Química  
Curso: 2
Jueves 16:00 18:00 PC
Miércoles 17:00 18:30 PC
Martes 15:30 17:00 PC
Jueves 13:00 16:00 PC

Materia: 6313 ANALISIS MATEMATICO II A Vacantes: 35 
Docente: REY VEGA, LEONARDO J-CORIZZO, S J-MATEU SANTOS, JULIAN MAURO-GRANE 
Carreras: Química  
Curso: 3
Miércoles 17:00 18:30 PC
Martes 19:00 22:00 PC
Miércoles 19:00 21:00 PC
Martes 15:30 17:00 PC

"
"7123";"1Q2019";"ANALISIS MATEMATICO II A";"6314";"Materia: 6314 ANALISIS MATEMATICO II A Vacantes: 35 
Docente: REY VEGA, LEONARDO J-CORIZZO, S J-MATEU SANTOS, JULIAN MAURO-GRANE 
Carreras: Química  
Curso: 1
Lunes 09:30 13:30 PC
Viernes 11:00 13:00 PC
Viernes 09:00 11:00 PC
Miércoles 09:00 11:00 PC

Materia: 6314 ANALISIS MATEMATICO II A Vacantes: 35 
Docente: REY VEGA, LEONARDO J-CORIZZO, S J-MATEU SANTOS, JULIAN MAURO-GRANE 
Carreras: Química  
Curso: 2
Martes 17:00 21:00 PC
Viernes 09:00 11:00 PC
Miércoles 17:00 19:00 PC
Miércoles 09:00 11:00 PC

Materia: 6314 ANALISIS MATEMATICO II A Vacantes: 35 
Docente: REY VEGA, LEONARDO J-CORIZZO, S J-MATEU SANTOS, JULIAN MAURO-GRANE 
Carreras: Química  
Curso: 3
Viernes 09:00 11:00 PC
Viernes 14:00 16:00 PC
Miércoles 13:00 17:00 PC
Miércoles 09:00 11:00 PC

"
"7124";"1Q2019";"ANALISIS MATEMATICO II A";"6315";"Materia: 6315 ANALISIS MATEMATICO II A Vacantes: 35 
Docente: REY VEGA, LEONARDO J-CORIZZO, S J-MATEU SANTOS, JULIAN MAURO-GRANE 
Carreras: Química  
Curso: 1
Lunes 11:00 13:00 PC
Martes 18:00 21:00 PC
Martes 13:00 16:00 PC

Materia: 6315 ANALISIS MATEMATICO II A Vacantes: 35 
Docente: REY VEGA, LEONARDO J-CORIZZO, S J-MATEU SANTOS, JULIAN MAURO-GRANE 
Carreras: Química  
Curso: 2
Miércoles 15:00 18:00 PC
Lunes 11:00 13:00 PC
Miércoles 18:00 21:00 PC

"
"7125";"1Q2019";"ANALISIS MATEMATICO II A";"6316";"Materia: 6316 ANALISIS MATEMATICO II A Vacantes: 35 
Docente: REY VEGA, LEONARDO J-CORIZZO, S J-MATEU SANTOS, JULIAN MAURO-GRANE 
Carreras: Química  
Curso: 1
Jueves 19:00 22:00 PC
Lunes 19:00 22:00 PC

"
"7126";"1Q2019";"ANALISIS MATEMATICO II A";"6404";"Materia: 6404 ANALISIS MATEMATICO II A Vacantes: 35 
Docente: REY VEGA, LEONARDO J-CORIZZO, S J-MATEU SANTOS, JULIAN MAURO-GRANE 
Carreras: Industrial  
Curso: 1
Martes 19:00 23:00 LH
Lunes 19:00 23:00 LH

Materia: 6404 ANALISIS MATEMATICO II A Vacantes: 35 
Docente: REY VEGA, LEONARDO J-CORIZZO, S J-MATEU SANTOS, JULIAN MAURO-GRANE 
Carreras: Industrial  
Curso: 2
Jueves 08:30 12:30 LH
Miércoles 18:30 22:30 LH

Materia: 6404 ANALISIS MATEMATICO II A Vacantes: 35 
Docente: REY VEGA, LEONARDO J-CORIZZO, S J-MATEU SANTOS, JULIAN MAURO-GRANE 
Carreras: Industrial  
Curso: 3
Jueves 19:00 23:00 LH
Miércoles 18:30 22:30 LH

Materia: 6404 ANALISIS MATEMATICO II A Vacantes: 35 
Docente: REY VEGA, LEONARDO J-CORIZZO, S J-MATEU SANTOS, JULIAN MAURO-GRANE 
Carreras: Industrial  
Curso: 4
Miércoles 09:00 13:00 LH
Viernes 09:00 13:00 LH

Materia: 6404 ANALISIS MATEMATICO II A Vacantes: 35 
Docente: REY VEGA, LEONARDO J-CORIZZO, S J-MATEU SANTOS, JULIAN MAURO-GRANE 
Carreras: Industrial  
Curso: 5
Miércoles 09:00 13:00 LH
Martes 09:00 13:00 LH

"
"7127";"1Q2019";"ANALISIS MATEMATICO II A";"6405";"Materia: 6405 ANALISIS MATEMATICO II A Vacantes: 35 
Docente: REY VEGA, LEONARDO J-CORIZZO, S J-MATEU SANTOS, JULIAN MAURO-GRANE 
Carreras: Electricista, Informática  
Curso: 1
Martes 19:00 22:00 LH
Lunes 19:00 22:00 LH

Materia: 6405 ANALISIS MATEMATICO II A Vacantes: 35 
Docente: REY VEGA, LEONARDO J-CORIZZO, S J-MATEU SANTOS, JULIAN MAURO-GRANE 
Carreras: Electricista, Informática  
Curso: 2
Jueves 08:30 11:30 LH
Miércoles 18:30 21:30 LH

Materia: 6405 ANALISIS MATEMATICO II A Vacantes: 35 
Docente: REY VEGA, LEONARDO J-CORIZZO, S J-MATEU SANTOS, JULIAN MAURO-GRANE 
Carreras: Electricista, Informática  
Curso: 3
Miércoles 18:30 21:30 LH
Jueves 19:00 22:00 LH

Materia: 6405 ANALISIS MATEMATICO II A Vacantes: 35 
Docente: REY VEGA, LEONARDO J-CORIZZO, S J-MATEU SANTOS, JULIAN MAURO-GRANE 
Carreras: Electricista, Informática  
Curso: 4
Viernes 09:00 12:00 LH
Miércoles 09:00 12:00 LH

Materia: 6405 ANALISIS MATEMATICO II A Vacantes: 35 
Docente: REY VEGA, LEONARDO J-CORIZZO, S J-MATEU SANTOS, JULIAN MAURO-GRANE 
Carreras: Electricista, Informática  
Curso: 5
Miércoles 09:00 12:00 LH
Martes 09:00 12:00 LH

"
"7128";"1Q2019";"ANALISIS MATEMATICO II A";"6410";"Materia: 6410 ANALISIS MATEMATICO II A Vacantes: 35 
Docente: REY VEGA, LEONARDO J-CORIZZO, S J-MATEU SANTOS, JULIAN MAURO-GRANE 
Carreras: Civil  
Curso: 1
Jueves 19:00 23:00 LH
Viernes 09:00 13:00 LH

"
"7129";"1Q2019";"ANALISIS MATEMATICO II A";"6411";"Materia: 6411 ANALISIS MATEMATICO II A Vacantes: 35 
Docente: REY VEGA, LEONARDO J-CORIZZO, S J-MATEU SANTOS, JULIAN MAURO-GRANE 
Carreras: Naval, Mecánica  
Curso: 1
Lunes 15:00 18:00 LH
Miércoles 19:00 22:00 LH

Materia: 6411 ANALISIS MATEMATICO II A Vacantes: 35 
Docente: REY VEGA, LEONARDO J-CORIZZO, S J-MATEU SANTOS, JULIAN MAURO-GRANE 
Carreras: Naval, Mecánica  
Curso: 2
Lunes 15:00 18:00 LH
Jueves 15:00 18:00 LH

Materia: 6411 ANALISIS MATEMATICO II A Vacantes: 35 
Docente: REY VEGA, LEONARDO J-CORIZZO, S J-MATEU SANTOS, JULIAN MAURO-GRANE 
Carreras: Naval, Mecánica  
Curso: 3
Lunes 15:00 18:00 LH
Viernes 09:00 12:00 LH

Materia: 6411 ANALISIS MATEMATICO II A Vacantes: 35 
Docente: REY VEGA, LEONARDO J-CORIZZO, S J-MATEU SANTOS, JULIAN MAURO-GRANE 
Carreras: Naval, Mecánica  
Curso: 4
Martes 18:30 21:30 LH
Viernes 16:00 19:00 LH

Materia: 6411 ANALISIS MATEMATICO II A Vacantes: 35 
Docente: REY VEGA, LEONARDO J-CORIZZO, S J-MATEU SANTOS, JULIAN MAURO-GRANE 
Carreras: Naval, Mecánica  
Curso: 5
Martes 18:30 21:30 LH
Jueves 18:30 21:30 LH

Materia: 6411 ANALISIS MATEMATICO II A Vacantes: 35 
Docente: REY VEGA, LEONARDO J-CORIZZO, S J-MATEU SANTOS, JULIAN MAURO-GRANE 
Carreras: Naval, Mecánica  
Curso: 6
Miércoles 15:00 18:00 LH
Martes 18:30 21:30 LH

"
"7130";"1Q2019";"ANALISIS MATEMATICO II A";"6412";"Materia: 6412 ANALISIS MATEMATICO II A Vacantes: 35 
Docente: REY VEGA, LEONARDO J-CORIZZO, S J-MATEU SANTOS, JULIAN MAURO-GRANE 
Carreras: Naval, Mecánica  
Curso: 1
Martes 18:30 22:30 LH
Jueves 08:00 12:00 LH

Materia: 6412 ANALISIS MATEMATICO II A Vacantes: 35 
Docente: REY VEGA, LEONARDO J-CORIZZO, S J-MATEU SANTOS, JULIAN MAURO-GRANE 
Carreras: Naval, Mecánica  
Curso: 2
Jueves 19:00 23:00 LH
Martes 18:30 22:30 LH

"
"7131";"1Q2019";"ANALISIS MATEMATICO II A";"6413";"Materia: 6413 ANALISIS MATEMATICO II A Vacantes: 35 
Docente: REY VEGA, LEONARDO J-CORIZZO, S J-MATEU SANTOS, JULIAN MAURO-GRANE 
Carreras: Naval, Mecánica  
Curso: 1
Viernes 19:00 22:00 LH
Viernes 16:00 19:00 LH

"
"7132";"1Q2019";"ANALISIS MATEMATICO II A";"6414";"Materia: 6414 ANALISIS MATEMATICO II A Vacantes: 35 
Docente: REY VEGA, LEONARDO J-CORIZZO, S J-MATEU SANTOS, JULIAN MAURO-GRANE 
Carreras: Civil, Naval, Mecánica  
Curso: 1
Martes 15:00 19:00 LH

"
"7133";"1Q2019";"ANALISIS MATEMATICO II A";"6416";"Materia: 6416 ANALISIS MATEMATICO II A Vacantes: 35 
Docente: REY VEGA, LEONARDO J-CORIZZO, S J-MATEU SANTOS, JULIAN MAURO-GRANE 
Carreras: Civil, Naval, Mecánica  
Curso: 1
Lunes 17:00 19:00 LH

"
"7134";"1Q2019";"ANALISIS MATEMATICO II A";"6419";"Materia: 6419 ANALISIS MATEMATICO II A Vacantes: 35 
Docente: REY VEGA, LEONARDO J-CORIZZO, S J-MATEU SANTOS, JULIAN MAURO-GRANE 
Carreras: nan 
Curso: 1
Viernes 15:00 19:00 LH

"
"7135";"1Q2019";"ANALISIS MATEMATICO II A";"6500";"Materia: 6500 ANALISIS MATEMATICO II A Vacantes: 35 
Docente: REY VEGA, LEONARDO J-CORIZZO, S J-MATEU SANTOS, JULIAN MAURO-GRANE 
Carreras: Electricista  
Curso: 1
Martes 18:00 22:00 PC

"
"7136";"1Q2019";"ANALISIS MATEMATICO II A";"6501";"Materia: 6501 ANALISIS MATEMATICO II A Vacantes: 35 
Docente: REY VEGA, LEONARDO J-CORIZZO, S J-MATEU SANTOS, JULIAN MAURO-GRANE 
Carreras: Electricista  
Curso: 1
Sábados 08:30 12:30 PC
Jueves 18:00 22:00 PC

"
"7137";"1Q2019";"ANALISIS MATEMATICO II A";"6503";"Materia: 6503 ANALISIS MATEMATICO II A Vacantes: 35 
Docente: REY VEGA, LEONARDO J-CORIZZO, S J-MATEU SANTOS, JULIAN MAURO-GRANE 
Carreras: Industrial  
Curso: 1
Lunes 19:00 23:00 PC
Lunes 15:00 19:00 PC

Materia: 6503 ANALISIS MATEMATICO II A Vacantes: 35 
Docente: REY VEGA, LEONARDO J-CORIZZO, S J-MATEU SANTOS, JULIAN MAURO-GRANE 
Carreras: Industrial  
Curso: 2
Martes 17:00 22:00 PC
Martes 08:00 11:00 PC

Materia: 6503 ANALISIS MATEMATICO II A Vacantes: 35 
Docente: REY VEGA, LEONARDO J-CORIZZO, S J-MATEU SANTOS, JULIAN MAURO-GRANE 
Carreras: Industrial  
Curso: 3
Miércoles 12:00 15:00 PC
Miércoles 15:00 19:00 PC
Lunes 15:00 16:00 PC

Materia: 6503 ANALISIS MATEMATICO II A Vacantes: 35 
Docente: REY VEGA, LEONARDO J-CORIZZO, S J-MATEU SANTOS, JULIAN MAURO-GRANE 
Carreras: Industrial  
Curso: 5
Lunes 19:00 23:00 PC
Viernes 18:00 23:00 PC

Materia: 6503 ANALISIS MATEMATICO II A Vacantes: 35 
Docente: REY VEGA, LEONARDO J-CORIZZO, S J-MATEU SANTOS, JULIAN MAURO-GRANE 
Carreras: Industrial  
Curso: 6
Lunes 15:00 18:00 PC
Lunes 18:00 23:00 PC

Materia: 6503 ANALISIS MATEMATICO II A Vacantes: 35 
Docente: REY VEGA, LEONARDO J-CORIZZO, S J-MATEU SANTOS, JULIAN MAURO-GRANE 
Carreras: Industrial  
Curso: 7
Lunes 19:00 23:00 PC
Jueves 15:00 19:00 PC

Materia: 6503 ANALISIS MATEMATICO II A Vacantes: 35 
Docente: REY VEGA, LEONARDO J-CORIZZO, S J-MATEU SANTOS, JULIAN MAURO-GRANE 
Carreras: Industrial  
Curso: 8
Lunes 19:00 23:00 PC
Jueves 19:00 23:00 PC

"
"7138";"1Q2019";"ANALISIS MATEMATICO II A";"6504";"Materia: 6504 ANALISIS MATEMATICO II A Vacantes: 35 
Docente: REY VEGA, LEONARDO J-CORIZZO, S J-MATEU SANTOS, JULIAN MAURO-GRANE 
Carreras: Mecánica  
Curso: 1
Martes 14:00 17:00 PC
Martes 18:00 22:00 PC

"
"7139";"1Q2019";"ANALISIS MATEMATICO II A";"6505";"Materia: 6505 ANALISIS MATEMATICO II A Vacantes: 35 
Docente: REY VEGA, LEONARDO J-CORIZZO, S J-MATEU SANTOS, JULIAN MAURO-GRANE 
Carreras: Civil  
Curso: 1
Lunes 19:00 23:00 PC
Lunes 15:00 19:00 PC

Materia: 6505 ANALISIS MATEMATICO II A Vacantes: 35 
Docente: REY VEGA, LEONARDO J-CORIZZO, S J-MATEU SANTOS, JULIAN MAURO-GRANE 
Carreras: Civil  
Curso: 2
Martes 17:00 21:00 PC
Martes 08:00 11:00 PC

Materia: 6505 ANALISIS MATEMATICO II A Vacantes: 35 
Docente: REY VEGA, LEONARDO J-CORIZZO, S J-MATEU SANTOS, JULIAN MAURO-GRANE 
Carreras: Civil  
Curso: 3
Miércoles 12:00 15:00 PC
Miércoles 15:00 19:00 PC
Lunes 15:00 16:00 PC

Materia: 6505 ANALISIS MATEMATICO II A Vacantes: 35 
Docente: REY VEGA, LEONARDO J-CORIZZO, S J-MATEU SANTOS, JULIAN MAURO-GRANE 
Carreras: Civil  
Curso: 4
Martes 08:00 11:00 PC
Miércoles 19:00 23:00 PC

"
"7140";"1Q2019";"ANALISIS MATEMATICO II A";"6506";"Materia: 6506 ANALISIS MATEMATICO II A Vacantes: 35 
Docente: REY VEGA, LEONARDO J-CORIZZO, S J-MATEU SANTOS, JULIAN MAURO-GRANE 
Carreras: Mecánica, Electrónica  
Curso: 1
Lunes 18:00 21:00 PC
Martes 19:00 22:00 PC

Materia: 6506 ANALISIS MATEMATICO II A Vacantes: 35 
Docente: REY VEGA, LEONARDO J-CORIZZO, S J-MATEU SANTOS, JULIAN MAURO-GRANE 
Carreras: Mecánica, Electrónica  
Curso: 2
Miércoles 19:00 22:00 PC
Lunes 18:00 21:00 PC

"
"7141";"1Q2019";"ANALISIS MATEMATICO II A";"6509";"Materia: 6509 ANALISIS MATEMATICO II A Vacantes: 35 
Docente: REY VEGA, LEONARDO J-CORIZZO, S J-MATEU SANTOS, JULIAN MAURO-GRANE 
Carreras: Electricista  
Curso: 1
Jueves 19:00 22:00 PC
Miércoles 19:00 22:00 PC

"
"7142";"1Q2019";"ANALISIS MATEMATICO II A";"6510";"Materia: 6510 ANALISIS MATEMATICO II A Vacantes: 35 
Docente: REY VEGA, LEONARDO J-CORIZZO, S J-MATEU SANTOS, JULIAN MAURO-GRANE 
Carreras: Electricista  
Curso: 1
Lunes 18:30 22:30 PC
Martes 19:00 22:30 PC

"
"7143";"1Q2019";"ANALISIS MATEMATICO II A";"6511";"Materia: 6511 ANALISIS MATEMATICO II A Vacantes: 35 
Docente: REY VEGA, LEONARDO J-CORIZZO, S J-MATEU SANTOS, JULIAN MAURO-GRANE 
Carreras: Electricista  
Curso: 1
Miércoles 21:00 23:00 PC
Miércoles 19:00 21:00 PC
Miércoles 17:00 19:00 PC

"
"7144";"1Q2019";"ANALISIS MATEMATICO II A";"6512";"Materia: 6512 ANALISIS MATEMATICO II A Vacantes: 35 
Docente: REY VEGA, LEONARDO J-CORIZZO, S J-MATEU SANTOS, JULIAN MAURO-GRANE 
Carreras: Electricista  
Curso: 1
Lunes 19:00 21:00 PC
Lunes 21:00 23:00 PC

"
"7145";"1Q2019";"ANALISIS MATEMATICO II A";"6513";"Materia: 6513 ANALISIS MATEMATICO II A Vacantes: 35 
Docente: REY VEGA, LEONARDO J-CORIZZO, S J-MATEU SANTOS, JULIAN MAURO-GRANE 
Carreras: Electricista  
Curso: 1
Jueves 16:00 18:00 PC
Sábados 08:30 12:30 PC
Viernes 16:00 18:00 PC

"
"7146";"1Q2019";"ANALISIS MATEMATICO II A";"6514";"Materia: 6514 ANALISIS MATEMATICO II A Vacantes: 35 
Docente: REY VEGA, LEONARDO J-CORIZZO, S J-MATEU SANTOS, JULIAN MAURO-GRANE 
Carreras: Electricista  
Curso: 1
Jueves 17:00 21:00 PC
Miércoles 18:00 22:00 PC

"
"7147";"1Q2019";"ANALISIS MATEMATICO II A";"6515";"Materia: 6515 ANALISIS MATEMATICO II A Vacantes: 35 
Docente: REY VEGA, LEONARDO J-CORIZZO, S J-MATEU SANTOS, JULIAN MAURO-GRANE 
Carreras: Electricista  
Curso: 1
Jueves 20:00 23:00 PC
Jueves 18:00 20:00 PC

"
"7148";"1Q2019";"ANALISIS MATEMATICO II A";"6516";"Materia: 6516 ANALISIS MATEMATICO II A Vacantes: 35 
Docente: REY VEGA, LEONARDO J-CORIZZO, S J-MATEU SANTOS, JULIAN MAURO-GRANE 
Carreras: Electricista  
Curso: 1
Miércoles 19:00 23:00 PC

"
"7149";"1Q2019";"ANALISIS MATEMATICO II A";"6517";"Materia: 6517 ANALISIS MATEMATICO II A Vacantes: 35 
Docente: REY VEGA, LEONARDO J-CORIZZO, S J-MATEU SANTOS, JULIAN MAURO-GRANE 
Carreras: Electricista  
Curso: 1
Lunes 18:00 23:00 PC

"
"7150";"1Q2019";"ANALISIS MATEMATICO II A";"6522";"Materia: 6522 ANALISIS MATEMATICO II A Vacantes: 35 
Docente: REY VEGA, LEONARDO J-CORIZZO, S J-MATEU SANTOS, JULIAN MAURO-GRANE 
Carreras: Electricista  
Curso: 1
Martes 19:30 21:30 PC
Lunes 16:30 22:30 PC

"
"7151";"1Q2019";"ANALISIS MATEMATICO II A";"6525";"Materia: 6525 ANALISIS MATEMATICO II A Vacantes: 35 
Docente: REY VEGA, LEONARDO J-CORIZZO, S J-MATEU SANTOS, JULIAN MAURO-GRANE 
Carreras: Electricista  
Curso: 1
Martes 18:00 20:00 PC
Martes 20:00 22:00 PC
Miércoles 19:00 21:00 PC

"
"7152";"1Q2019";"ANALISIS MATEMATICO II A";"6528";"Materia: 6528 ANALISIS MATEMATICO II A Vacantes: 35 
Docente: REY VEGA, LEONARDO J-CORIZZO, S J-MATEU SANTOS, JULIAN MAURO-GRANE 
Carreras: Electricista  
Curso: 1
Sábados 08:00 14:00 PC

"
"7153";"1Q2019";"ANALISIS MATEMATICO II A";"6530";"Materia: 6530 ANALISIS MATEMATICO II A Vacantes: 35 
Docente: REY VEGA, LEONARDO J-CORIZZO, S J-MATEU SANTOS, JULIAN MAURO-GRANE 
Carreras: Naval  
Curso: 3
Miércoles 12:00 15:00 PC
Miércoles 15:00 19:00 PC
Lunes 15:00 16:00 PC

"
"7154";"1Q2019";"ANALISIS MATEMATICO II A";"6533";"Materia: 6533 ANALISIS MATEMATICO II A Vacantes: 35 
Docente: REY VEGA, LEONARDO J-CORIZZO, S J-MATEU SANTOS, JULIAN MAURO-GRANE 
Carreras: Electricista  
Curso: 1
Viernes 16:00 20:00 PC

"
"7155";"1Q2019";"ANALISIS MATEMATICO II A";"6534";"Materia: 6534 ANALISIS MATEMATICO II A Vacantes: 35 
Docente: REY VEGA, LEONARDO J-CORIZZO, S J-MATEU SANTOS, JULIAN MAURO-GRANE 
Carreras: Electricista  
Curso: 1
Lunes 19:00 22:00 PC
Martes 19:00 22:00 PC

"
"7156";"1Q2019";"ANALISIS MATEMATICO II A";"6536";"Materia: 6536 ANALISIS MATEMATICO II A Vacantes: 35 
Docente: REY VEGA, LEONARDO J-CORIZZO, S J-MATEU SANTOS, JULIAN MAURO-GRANE 
Carreras: Electricista  
Curso: 1
Lunes 19:00 22:00 PC
Martes 19:00 22:00 PC

"
"7157";"1Q2019";"ANALISIS MATEMATICO II A";"6537";"Materia: 6537 ANALISIS MATEMATICO II A Vacantes: 35 
Docente: REY VEGA, LEONARDO J-CORIZZO, S J-MATEU SANTOS, JULIAN MAURO-GRANE 
Carreras: nan 
Curso: 1
Lunes 15:00 19:00 PC

"
"7158";"1Q2019";"ANALISIS MATEMATICO II A";"6539";"Materia: 6539 ANALISIS MATEMATICO II A Vacantes: 35 
Docente: REY VEGA, LEONARDO J-CORIZZO, S J-MATEU SANTOS, JULIAN MAURO-GRANE 
Carreras: Electricista  
Curso: 1
Martes 14:30 16:30 PC
Jueves 14:30 16:30 PC

"
"7159";"1Q2019";"ANALISIS MATEMATICO II A";"6540";"Materia: 6540 ANALISIS MATEMATICO II A Vacantes: 35 
Docente: REY VEGA, LEONARDO J-CORIZZO, S J-MATEU SANTOS, JULIAN MAURO-GRANE 
Carreras: Electricista  
Curso: 1
Martes 15:00 19:00 PC

"
"7160";"1Q2019";"ANALISIS MATEMATICO II A";"6541";"Materia: 6541 ANALISIS MATEMATICO II A Vacantes: 35 
Docente: REY VEGA, LEONARDO J-CORIZZO, S J-MATEU SANTOS, JULIAN MAURO-GRANE 
Carreras: Electricista  
Curso: 1
Viernes 18:00 22:00 PC

"
"7161";"1Q2019";"ANALISIS MATEMATICO II A";"6542";"Materia: 6542 ANALISIS MATEMATICO II A Vacantes: 35 
Docente: REY VEGA, LEONARDO J-CORIZZO, S J-MATEU SANTOS, JULIAN MAURO-GRANE 
Carreras: Electricista  
Curso: 1
Martes 18:00 21:00 PC
Miércoles 18:00 21:00 PC

"
"7162";"1Q2019";"ANALISIS MATEMATICO II A";"6543";"Materia: 6543 ANALISIS MATEMATICO II A Vacantes: 35 
Docente: REY VEGA, LEONARDO J-CORIZZO, S J-MATEU SANTOS, JULIAN MAURO-GRANE 
Carreras: Química, Alimentos  
Curso: 1
Lunes 19:00 23:00 PC
Lunes 15:00 19:00 PC

Materia: 6543 ANALISIS MATEMATICO II A Vacantes: 35 
Docente: REY VEGA, LEONARDO J-CORIZZO, S J-MATEU SANTOS, JULIAN MAURO-GRANE 
Carreras: Química, Alimentos  
Curso: 2
Martes 17:00 21:00 PC
Martes 08:00 11:00 PC

Materia: 6543 ANALISIS MATEMATICO II A Vacantes: 35 
Docente: REY VEGA, LEONARDO J-CORIZZO, S J-MATEU SANTOS, JULIAN MAURO-GRANE 
Carreras: Química, Alimentos  
Curso: 3
Miércoles 12:00 15:00 PC
Miércoles 15:00 19:00 PC
Lunes 15:00 16:00 PC

Materia: 6543 ANALISIS MATEMATICO II A Vacantes: 35 
Docente: REY VEGA, LEONARDO J-CORIZZO, S J-MATEU SANTOS, JULIAN MAURO-GRANE 
Carreras: Química, Alimentos  
Curso: 4
Martes 08:00 11:00 PC
Miércoles 19:00 23:00 PC

Materia: 6543 ANALISIS MATEMATICO II A Vacantes: 35 
Docente: REY VEGA, LEONARDO J-CORIZZO, S J-MATEU SANTOS, JULIAN MAURO-GRANE 
Carreras: Química, Alimentos  
Curso: 6
Lunes 15:00 18:00 PC
Lunes 18:00 23:00 PC

Materia: 6543 ANALISIS MATEMATICO II A Vacantes: 35 
Docente: REY VEGA, LEONARDO J-CORIZZO, S J-MATEU SANTOS, JULIAN MAURO-GRANE 
Carreras: Química, Alimentos  
Curso: 7
Lunes 19:00 23:00 PC
Jueves 15:00 18:00 PC

Materia: 6543 ANALISIS MATEMATICO II A Vacantes: 35 
Docente: REY VEGA, LEONARDO J-CORIZZO, S J-MATEU SANTOS, JULIAN MAURO-GRANE 
Carreras: Química, Alimentos  
Curso: 8
Lunes 19:00 23:00 PC
Jueves 19:00 23:00 PC

"
"7163";"1Q2019";"ANALISIS MATEMATICO II A";"6548";"Materia: 6548 ANALISIS MATEMATICO II A Vacantes: 35 
Docente: REY VEGA, LEONARDO J-CORIZZO, S J-MATEU SANTOS, JULIAN MAURO-GRANE 
Carreras: Química  
Curso: 1
Lunes 19:00 23:00 PC
Lunes 15:00 19:00 PC

Materia: 6548 ANALISIS MATEMATICO II A Vacantes: 35 
Docente: REY VEGA, LEONARDO J-CORIZZO, S J-MATEU SANTOS, JULIAN MAURO-GRANE 
Carreras: Química  
Curso: 2
Martes 17:00 21:00 PC
Martes 08:00 11:00 PC

Materia: 6548 ANALISIS MATEMATICO II A Vacantes: 35 
Docente: REY VEGA, LEONARDO J-CORIZZO, S J-MATEU SANTOS, JULIAN MAURO-GRANE 
Carreras: Química  
Curso: 3
Miércoles 12:00 15:00 PC
Miércoles 15:00 19:00 PC
Lunes 15:00 16:00 PC

Materia: 6548 ANALISIS MATEMATICO II A Vacantes: 35 
Docente: REY VEGA, LEONARDO J-CORIZZO, S J-MATEU SANTOS, JULIAN MAURO-GRANE 
Carreras: Química  
Curso: 4
Martes 08:00 11:00 PC
Miércoles 19:00 23:00 PC

Materia: 6548 ANALISIS MATEMATICO II A Vacantes: 35 
Docente: REY VEGA, LEONARDO J-CORIZZO, S J-MATEU SANTOS, JULIAN MAURO-GRANE 
Carreras: Química  
Curso: 5
Lunes 19:00 23:00 PC
Viernes 18:00 22:00 PC

Materia: 6548 ANALISIS MATEMATICO II A Vacantes: 35 
Docente: REY VEGA, LEONARDO J-CORIZZO, S J-MATEU SANTOS, JULIAN MAURO-GRANE 
Carreras: Química  
Curso: 6
Lunes 15:00 18:00 PC
Lunes 18:00 22:00 PC

Materia: 6548 ANALISIS MATEMATICO II A Vacantes: 35 
Docente: REY VEGA, LEONARDO J-CORIZZO, S J-MATEU SANTOS, JULIAN MAURO-GRANE 
Carreras: Química  
Curso: 7
Lunes 19:00 23:00 PC
Jueves 15:00 19:00 PC

Materia: 6548 ANALISIS MATEMATICO II A Vacantes: 35 
Docente: REY VEGA, LEONARDO J-CORIZZO, S J-MATEU SANTOS, JULIAN MAURO-GRANE 
Carreras: Química  
Curso: 8
Lunes 19:00 23:00 PC
Jueves 19:00 23:00 PC

"
"7164";"1Q2019";"ANALISIS MATEMATICO II A";"6599";"Materia: 6599 ANALISIS MATEMATICO II A Vacantes: 35 
Docente: REY VEGA, LEONARDO J-CORIZZO, S J-MATEU SANTOS, JULIAN MAURO-GRANE 
Carreras: Electricista  
Curso: 1
Martes 18:30 22:00 PC
Jueves 18:30 22:00 PC

"
"7165";"1Q2019";"ANALISIS MATEMATICO II A";"6601";"Materia: 6601 ANALISIS MATEMATICO II A Vacantes: 35 
Docente: REY VEGA, LEONARDO J-CORIZZO, S J-MATEU SANTOS, JULIAN MAURO-GRANE 
Carreras: Electricista, Electrónica  
Curso: 1
Lunes 19:00 22:00 PC
Viernes 19:00 22:00 PC

Materia: 6601 ANALISIS MATEMATICO II A Vacantes: 35 
Docente: REY VEGA, LEONARDO J-CORIZZO, S J-MATEU SANTOS, JULIAN MAURO-GRANE 
Carreras: Electricista, Electrónica  
Curso: 2
Martes 19:00 22:00 PC
Viernes 19:00 22:00 PC

Materia: 6601 ANALISIS MATEMATICO II A Vacantes: 35 
Docente: REY VEGA, LEONARDO J-CORIZZO, S J-MATEU SANTOS, JULIAN MAURO-GRANE 
Carreras: Electricista, Electrónica  
Curso: 3
Miércoles 16:00 19:00 PC
Viernes 19:00 22:00 PC

Materia: 6601 ANALISIS MATEMATICO II A Vacantes: 35 
Docente: REY VEGA, LEONARDO J-CORIZZO, S J-MATEU SANTOS, JULIAN MAURO-GRANE 
Carreras: Electricista, Electrónica  
Curso: 4
Jueves 19:00 22:00 PC
Viernes 19:00 22:00 PC

Materia: 6601 ANALISIS MATEMATICO II A Vacantes: 35 
Docente: REY VEGA, LEONARDO J-CORIZZO, S J-MATEU SANTOS, JULIAN MAURO-GRANE 
Carreras: Electricista, Electrónica  
Curso: 5
Sábados 07:00 10:00 PC
Viernes 19:00 22:00 PC

"
"7166";"1Q2019";"ANALISIS MATEMATICO II A";"6602";"Materia: 6602 ANALISIS MATEMATICO II A Vacantes: 35 
Docente: REY VEGA, LEONARDO J-CORIZZO, S J-MATEU SANTOS, JULIAN MAURO-GRANE 
Carreras: Electrónica, Informática  
Curso: 1
Lunes 19:00 22:00 PC
Lunes 16:00 19:00 PC

Materia: 6602 ANALISIS MATEMATICO II A Vacantes: 35 
Docente: REY VEGA, LEONARDO J-CORIZZO, S J-MATEU SANTOS, JULIAN MAURO-GRANE 
Carreras: Electrónica, Informática  
Curso: 2
Lunes 19:00 22:00 PC
Jueves 15:00 18:00 PC

Materia: 6602 ANALISIS MATEMATICO II A Vacantes: 35 
Docente: REY VEGA, LEONARDO J-CORIZZO, S J-MATEU SANTOS, JULIAN MAURO-GRANE 
Carreras: Electrónica, Informática  
Curso: 3
Lunes 19:00 22:00 PC
Miércoles 19:00 22:00 PC

Materia: 6602 ANALISIS MATEMATICO II A Vacantes: 35 
Docente: REY VEGA, LEONARDO J-CORIZZO, S J-MATEU SANTOS, JULIAN MAURO-GRANE 
Carreras: Electrónica, Informática  
Curso: 4
Lunes 19:00 22:00 PC
Viernes 19:00 22:00 PC

Materia: 6602 ANALISIS MATEMATICO II A Vacantes: 35 
Docente: REY VEGA, LEONARDO J-CORIZZO, S J-MATEU SANTOS, JULIAN MAURO-GRANE 
Carreras: Electrónica, Informática  
Curso: 5
Jueves 19:00 22:00 PC
Lunes 19:00 22:00 PC

Materia: 6602 ANALISIS MATEMATICO II A Vacantes: 35 
Docente: REY VEGA, LEONARDO J-CORIZZO, S J-MATEU SANTOS, JULIAN MAURO-GRANE 
Carreras: Electrónica, Informática  
Curso: 6
Lunes 16:00 19:00 PC
Jueves 16:00 19:00 PC

"
"7167";"1Q2019";"ANALISIS MATEMATICO II A";"6603";"Materia: 6603 ANALISIS MATEMATICO II A Vacantes: 35 
Docente: REY VEGA, LEONARDO J-CORIZZO, S J-MATEU SANTOS, JULIAN MAURO-GRANE 
Carreras: Mecánica  
Curso: 1
Martes 17:00 19:00 PC
Martes 19:00 21:00 PC

Materia: 6603 ANALISIS MATEMATICO II A Vacantes: 35 
Docente: REY VEGA, LEONARDO J-CORIZZO, S J-MATEU SANTOS, JULIAN MAURO-GRANE 
Carreras: Mecánica  
Curso: 2
Jueves 19:00 22:00 PC
Martes 17:00 19:00 PC

"
"7168";"1Q2019";"ANALISIS MATEMATICO II A";"6604";"Materia: 6604 ANALISIS MATEMATICO II A Vacantes: 35 
Docente: REY VEGA, LEONARDO J-CORIZZO, S J-MATEU SANTOS, JULIAN MAURO-GRANE 
Carreras: Naval, Electricista  
Curso: 1
Jueves 19:00 22:00 PC
Martes 17:00 19:00 PC
Martes 19:00 22:00 PC

"
"7169";"1Q2019";"ANALISIS MATEMATICO II A";"6605";"Materia: 6605 ANALISIS MATEMATICO II A Vacantes: 35 
Docente: REY VEGA, LEONARDO J-CORIZZO, S J-MATEU SANTOS, JULIAN MAURO-GRANE 
Carreras: Naval, Electricista  
Curso: 1
Martes 19:00 22:00 PC
Martes 16:00 19:00 PC

Materia: 6605 ANALISIS MATEMATICO II A Vacantes: 35 
Docente: REY VEGA, LEONARDO J-CORIZZO, S J-MATEU SANTOS, JULIAN MAURO-GRANE 
Carreras: Naval, Electricista  
Curso: 2
Jueves 19:00 22:00 PC
Martes 16:00 19:00 PC

"
"7170";"1Q2019";"ANALISIS MATEMATICO II A";"6606";"Materia: 6606 ANALISIS MATEMATICO II A Vacantes: 35 
Docente: REY VEGA, LEONARDO J-CORIZZO, S J-MATEU SANTOS, JULIAN MAURO-GRANE 
Carreras: Electrónica, Informática  
Curso: 1
Miércoles 16:00 19:00 PC
Jueves 08:00 11:30 PC
Martes 08:00 11:30 PC

Materia: 6606 ANALISIS MATEMATICO II A Vacantes: 35 
Docente: REY VEGA, LEONARDO J-CORIZZO, S J-MATEU SANTOS, JULIAN MAURO-GRANE 
Carreras: Electrónica, Informática  
Curso: 2
Miércoles 16:00 19:00 PC
Jueves 19:00 22:30 PC
Lunes 19:00 22:30 PC

"
"7171";"1Q2019";"ANALISIS MATEMATICO II A";"6608";"Materia: 6608 ANALISIS MATEMATICO II A Vacantes: 35 
Docente: REY VEGA, LEONARDO J-CORIZZO, S J-MATEU SANTOS, JULIAN MAURO-GRANE 
Carreras: Electrónica, Informática  
Curso: 1
Lunes 19:00 22:00 PC
Martes 19:00 22:00 PC
Lunes 13:00 15:00 PC

"
"7172";"1Q2019";"ANALISIS MATEMATICO II A";"6609";"Materia: 6609 ANALISIS MATEMATICO II A Vacantes: 35 
Docente: REY VEGA, LEONARDO J-CORIZZO, S J-MATEU SANTOS, JULIAN MAURO-GRANE 
Carreras: Electrónica, Informática  
Curso: 1
Martes 19:00 22:00 PC
Viernes 16:00 19:00 PC

Materia: 6609 ANALISIS MATEMATICO II A Vacantes: 35 
Docente: REY VEGA, LEONARDO J-CORIZZO, S J-MATEU SANTOS, JULIAN MAURO-GRANE 
Carreras: Electrónica, Informática  
Curso: 2
Miércoles 19:00 22:00 PC
Viernes 16:00 19:00 PC

Materia: 6609 ANALISIS MATEMATICO II A Vacantes: 35 
Docente: REY VEGA, LEONARDO J-CORIZZO, S J-MATEU SANTOS, JULIAN MAURO-GRANE 
Carreras: Electrónica, Informática  
Curso: 3
Jueves 19:00 22:00 PC
Viernes 16:00 19:00 PC

"
"7173";"1Q2019";"ANALISIS MATEMATICO II A";"6610";"Materia: 6610 ANALISIS MATEMATICO II A Vacantes: 35 
Docente: REY VEGA, LEONARDO J-CORIZZO, S J-MATEU SANTOS, JULIAN MAURO-GRANE 
Carreras: Electrónica  
Curso: 1
Viernes 19:00 23:00 PC
Martes 19:00 23:00 PC

"
"7174";"1Q2019";"ANALISIS MATEMATICO II A";"6612";"Materia: 6612 ANALISIS MATEMATICO II A Vacantes: 35 
Docente: REY VEGA, LEONARDO J-CORIZZO, S J-MATEU SANTOS, JULIAN MAURO-GRANE 
Carreras: Electrónica  
Curso: 1
Lunes 19:00 22:00 PC
Martes 19:00 22:00 PC

Materia: 6612 ANALISIS MATEMATICO II A Vacantes: 35 
Docente: REY VEGA, LEONARDO J-CORIZZO, S J-MATEU SANTOS, JULIAN MAURO-GRANE 
Carreras: Electrónica  
Curso: 2
Lunes 19:00 22:00 PC
Viernes 19:00 22:00 PC

"
"7175";"1Q2019";"ANALISIS MATEMATICO II A";"6617";"Materia: 6617 ANALISIS MATEMATICO II A Vacantes: 35 
Docente: REY VEGA, LEONARDO J-CORIZZO, S J-MATEU SANTOS, JULIAN MAURO-GRANE 
Carreras: Electrónica, Informática  
Curso: 1
Lunes 19:00 22:00 PC
Jueves 16:00 19:00 PC

Materia: 6617 ANALISIS MATEMATICO II A Vacantes: 35 
Docente: REY VEGA, LEONARDO J-CORIZZO, S J-MATEU SANTOS, JULIAN MAURO-GRANE 
Carreras: Electrónica, Informática  
Curso: 2
Jueves 19:00 22:00 PC
Jueves 16:00 19:00 PC

"
"7176";"1Q2019";"ANALISIS MATEMATICO II A";"6618";"Materia: 6618 ANALISIS MATEMATICO II A Vacantes: 35 
Docente: REY VEGA, LEONARDO J-CORIZZO, S J-MATEU SANTOS, JULIAN MAURO-GRANE 
Carreras: Electricista, Electrónica, Informática  
Curso: 1
Lunes 19:00 22:00 PC
Martes 16:00 19:00 PC

Materia: 6618 ANALISIS MATEMATICO II A Vacantes: 35 
Docente: REY VEGA, LEONARDO J-CORIZZO, S J-MATEU SANTOS, JULIAN MAURO-GRANE 
Carreras: Electricista, Electrónica, Informática  
Curso: 2
Jueves 19:00 22:00 PC
Martes 16:00 19:00 PC

"
"7177";"1Q2019";"ANALISIS MATEMATICO II A";"6619";"Materia: 6619 ANALISIS MATEMATICO II A Vacantes: 35 
Docente: REY VEGA, LEONARDO J-CORIZZO, S J-MATEU SANTOS, JULIAN MAURO-GRANE 
Carreras: Electrónica, Informática  
Curso: 1
Miércoles 19:00 22:00 PC
Miércoles 16:00 19:00 PC

"
"7178";"1Q2019";"ANALISIS MATEMATICO II A";"6620";"Materia: 6620 ANALISIS MATEMATICO II A Vacantes: 35 
Docente: REY VEGA, LEONARDO J-CORIZZO, S J-MATEU SANTOS, JULIAN MAURO-GRANE 
Carreras: Electrónica, Informática  
Curso: 1
Martes 19:00 22:00 PC
Lunes 16:00 19:00 PC

Materia: 6620 ANALISIS MATEMATICO II A Vacantes: 35 
Docente: REY VEGA, LEONARDO J-CORIZZO, S J-MATEU SANTOS, JULIAN MAURO-GRANE 
Carreras: Electrónica, Informática  
Curso: 2
Jueves 19:00 22:00 PC
Lunes 16:00 19:00 PC

"
"7179";"1Q2019";"ANALISIS MATEMATICO II A";"6621";"Materia: 6621 ANALISIS MATEMATICO II A Vacantes: 35 
Docente: REY VEGA, LEONARDO J-CORIZZO, S J-MATEU SANTOS, JULIAN MAURO-GRANE 
Carreras: Electrónica  
Curso: 1
Lunes 19:00 22:00 PC
Miércoles 19:00 22:00 PC

"
"7180";"1Q2019";"ANALISIS MATEMATICO II A";"6624";"Materia: 6624 ANALISIS MATEMATICO II A Vacantes: 35 
Docente: REY VEGA, LEONARDO J-CORIZZO, S J-MATEU SANTOS, JULIAN MAURO-GRANE 
Carreras: Electrónica, Informática  
Curso: 1
Miércoles 19:00 22:00 PC
Lunes 16:00 19:00 PC

"
"7181";"1Q2019";"ANALISIS MATEMATICO II A";"6625";"Materia: 6625 ANALISIS MATEMATICO II A Vacantes: 35 
Docente: REY VEGA, LEONARDO J-CORIZZO, S J-MATEU SANTOS, JULIAN MAURO-GRANE 
Carreras: Electrónica  
Curso: 1
Martes 16:00 19:00 PC
Lunes 16:00 19:00 PC

Materia: 6625 ANALISIS MATEMATICO II A Vacantes: 35 
Docente: REY VEGA, LEONARDO J-CORIZZO, S J-MATEU SANTOS, JULIAN MAURO-GRANE 
Carreras: Electrónica  
Curso: 2
Martes 19:00 22:00 PC
Lunes 16:00 19:00 PC

"
"7182";"1Q2019";"ANALISIS MATEMATICO II A";"6626";"Materia: 6626 ANALISIS MATEMATICO II A Vacantes: 35 
Docente: REY VEGA, LEONARDO J-CORIZZO, S J-MATEU SANTOS, JULIAN MAURO-GRANE 
Carreras: Electrónica, Informática  
Curso: 1
Martes 14:00 17:00 PC
Jueves 14:00 17:00 PC

"
"7183";"1Q2019";"ANALISIS MATEMATICO II A";"6627";"Materia: 6627 ANALISIS MATEMATICO II A Vacantes: 35 
Docente: REY VEGA, LEONARDO J-CORIZZO, S J-MATEU SANTOS, JULIAN MAURO-GRANE 
Carreras: Electrónica  
Curso: 1
Miércoles 19:00 22:00 PC
Viernes 19:00 22:00 PC

"
"7184";"1Q2019";"ANALISIS MATEMATICO II A";"6628";"Materia: 6628 ANALISIS MATEMATICO II A Vacantes: 35 
Docente: REY VEGA, LEONARDO J-CORIZZO, S J-MATEU SANTOS, JULIAN MAURO-GRANE 
Carreras: nan 
Curso: 1
Martes 09:00 12:00 PC
Lunes 09:00 12:00 PC

"
"7185";"1Q2019";"ANALISIS MATEMATICO II A";"6629";"Materia: 6629 ANALISIS MATEMATICO II A Vacantes: 35 
Docente: REY VEGA, LEONARDO J-CORIZZO, S J-MATEU SANTOS, JULIAN MAURO-GRANE 
Carreras: Electrónica  
Curso: 1
Martes 12:00 14:00 PC
Sábados 10:00 14:00 PC

"
"7186";"1Q2019";"ANALISIS MATEMATICO II A";"6631";"Materia: 6631 ANALISIS MATEMATICO II A Vacantes: 35 
Docente: REY VEGA, LEONARDO J-CORIZZO, S J-MATEU SANTOS, JULIAN MAURO-GRANE 
Carreras: Electrónica  
Curso: 1
Martes 19:00 22:00 PC
Martes 15:00 18:00 PC

"
"7187";"1Q2019";"ANALISIS MATEMATICO II A";"6632";"Materia: 6632 ANALISIS MATEMATICO II A Vacantes: 35 
Docente: REY VEGA, LEONARDO J-CORIZZO, S J-MATEU SANTOS, JULIAN MAURO-GRANE 
Carreras: Electricista, Electrónica, Informática  
Curso: 1
Lunes 19:00 22:00 PC
Miércoles 19:00 22:00 PC

"
"7188";"1Q2019";"ANALISIS MATEMATICO II A";"6638";"Materia: 6638 ANALISIS MATEMATICO II A Vacantes: 35 
Docente: REY VEGA, LEONARDO J-CORIZZO, S J-MATEU SANTOS, JULIAN MAURO-GRANE 
Carreras: Electrónica  
Curso: 1
Martes 18:00 21:00 PC
Jueves 16:00 19:00 PC

"
"7189";"1Q2019";"ANALISIS MATEMATICO II A";"6642";"Materia: 6642 ANALISIS MATEMATICO II A Vacantes: 35 
Docente: REY VEGA, LEONARDO J-CORIZZO, S J-MATEU SANTOS, JULIAN MAURO-GRANE 
Carreras: Electrónica  
Curso: 1
Miércoles 16:00 19:00 PC
Lunes 16:00 19:00 PC

"
"7190";"1Q2019";"ANALISIS MATEMATICO II A";"6643";"Materia: 6643 ANALISIS MATEMATICO II A Vacantes: 35 
Docente: REY VEGA, LEONARDO J-CORIZZO, S J-MATEU SANTOS, JULIAN MAURO-GRANE 
Carreras: Electrónica  
Curso: 1
Miércoles 16:00 19:00 PC
Lunes 16:00 19:00 PC

"
"7191";"1Q2019";"ANALISIS MATEMATICO II A";"6644";"Materia: 6644 ANALISIS MATEMATICO II A Vacantes: 35 
Docente: REY VEGA, LEONARDO J-CORIZZO, S J-MATEU SANTOS, JULIAN MAURO-GRANE 
Carreras: Electrónica  
Curso: 1
Lunes 19:00 22:00 PC
Martes 19:00 22:00 PC

Materia: 6644 ANALISIS MATEMATICO II A Vacantes: 35 
Docente: REY VEGA, LEONARDO J-CORIZZO, S J-MATEU SANTOS, JULIAN MAURO-GRANE 
Carreras: Electrónica  
Curso: 2
Miércoles 19:00 22:00 PC
Martes 19:00 22:00 PC

Materia: 6644 ANALISIS MATEMATICO II A Vacantes: 35 
Docente: REY VEGA, LEONARDO J-CORIZZO, S J-MATEU SANTOS, JULIAN MAURO-GRANE 
Carreras: Electrónica  
Curso: 3
Miércoles 19:00 22:00 PC
Viernes 19:00 22:00 PC

Materia: 6644 ANALISIS MATEMATICO II A Vacantes: 35 
Docente: REY VEGA, LEONARDO J-CORIZZO, S J-MATEU SANTOS, JULIAN MAURO-GRANE 
Carreras: Electrónica  
Curso: 4
Martes 16:00 19:00 PC
Jueves 16:00 19:00 PC

"
"7192";"1Q2019";"ANALISIS MATEMATICO II A";"6646";"Materia: 6646 ANALISIS MATEMATICO II A Vacantes: 35 
Docente: REY VEGA, LEONARDO J-CORIZZO, S J-MATEU SANTOS, JULIAN MAURO-GRANE 
Carreras: Electrónica, Informática  
Curso: 1
Miércoles 16:00 19:00 PC
Lunes 16:00 19:00 PC

"
"7193";"1Q2019";"ANALISIS MATEMATICO II A";"6648";"Materia: 6648 ANALISIS MATEMATICO II A Vacantes: 35 
Docente: REY VEGA, LEONARDO J-CORIZZO, S J-MATEU SANTOS, JULIAN MAURO-GRANE 
Carreras: Electrónica  
Curso: 1
Lunes 19:00 22:00 PC
Miércoles 19:00 22:00 PC

Materia: 6648 ANALISIS MATEMATICO II A Vacantes: 35 
Docente: REY VEGA, LEONARDO J-CORIZZO, S J-MATEU SANTOS, JULIAN MAURO-GRANE 
Carreras: Electrónica  
Curso: 2
Lunes 16:00 19:00 PC
Lunes 13:00 16:00 PC

Materia: 6648 ANALISIS MATEMATICO II A Vacantes: 35 
Docente: REY VEGA, LEONARDO J-CORIZZO, S J-MATEU SANTOS, JULIAN MAURO-GRANE 
Carreras: Electrónica  
Curso: 3
Lunes 19:00 22:00 PC
Martes 19:00 22:00 PC

Materia: 6648 ANALISIS MATEMATICO II A Vacantes: 35 
Docente: REY VEGA, LEONARDO J-CORIZZO, S J-MATEU SANTOS, JULIAN MAURO-GRANE 
Carreras: Electrónica  
Curso: 4
Lunes 19:00 23:00 PC
Lunes 17:00 19:00 PC

"
"7194";"1Q2019";"ANALISIS MATEMATICO II A";"6649";"Materia: 6649 ANALISIS MATEMATICO II A Vacantes: 35 
Docente: REY VEGA, LEONARDO J-CORIZZO, S J-MATEU SANTOS, JULIAN MAURO-GRANE 
Carreras: nan 
Curso: 1
Viernes 16:00 19:00 PC
Martes 16:00 19:00 PC

"
"7195";"1Q2019";"ANALISIS MATEMATICO II A";"6650";"Materia: 6650 ANALISIS MATEMATICO II A Vacantes: 35 
Docente: REY VEGA, LEONARDO J-CORIZZO, S J-MATEU SANTOS, JULIAN MAURO-GRANE 
Carreras: Electrónica  
Curso: 1
Lunes 19:00 22:00 PC
Viernes 16:00 19:00 PC

"
"7196";"1Q2019";"ANALISIS MATEMATICO II A";"6651";"Materia: 6651 ANALISIS MATEMATICO II A Vacantes: 35 
Docente: REY VEGA, LEONARDO J-CORIZZO, S J-MATEU SANTOS, JULIAN MAURO-GRANE 
Carreras: Electrónica  
Curso: 1
Lunes 19:00 22:00 PC
Miércoles 19:00 22:00 PC

"
"7197";"1Q2019";"ANALISIS MATEMATICO II A";"6653";"Materia: 6653 ANALISIS MATEMATICO II A Vacantes: 35 
Docente: REY VEGA, LEONARDO J-CORIZZO, S J-MATEU SANTOS, JULIAN MAURO-GRANE 
Carreras: Electrónica  
Curso: 1
Lunes 19:00 22:00 PC
Martes 19:00 22:00 PC

"
"7198";"1Q2019";"ANALISIS MATEMATICO II A";"6657";"Materia: 6657 ANALISIS MATEMATICO II A Vacantes: 35 
Docente: REY VEGA, LEONARDO J-CORIZZO, S J-MATEU SANTOS, JULIAN MAURO-GRANE 
Carreras: Electrónica  
Curso: 1
Viernes 16:00 19:00 PC
Lunes 16:00 19:00 PC

"
"7199";"1Q2019";"ANALISIS MATEMATICO II A";"6662";"Materia: 6662 ANALISIS MATEMATICO II A Vacantes: 35 
Docente: REY VEGA, LEONARDO J-CORIZZO, S J-MATEU SANTOS, JULIAN MAURO-GRANE 
Carreras: Electrónica  
Curso: 1
Lunes 16:00 19:00 PC
Jueves 16:00 19:00 PC

"
"7200";"1Q2019";"ANALISIS MATEMATICO II A";"6663";"Materia: 6663 ANALISIS MATEMATICO II A Vacantes: 35 
Docente: REY VEGA, LEONARDO J-CORIZZO, S J-MATEU SANTOS, JULIAN MAURO-GRANE 
Carreras: Electrónica, Informática  
Curso: 1
Lunes 19:00 22:00 PC
Miércoles 19:00 22:00 PC

"
"7201";"1Q2019";"ANALISIS MATEMATICO II A";"6666";"Materia: 6666 ANALISIS MATEMATICO II A Vacantes: 35 
Docente: REY VEGA, LEONARDO J-CORIZZO, S J-MATEU SANTOS, JULIAN MAURO-GRANE 
Carreras: Electrónica  
Curso: 1
Lunes 19:00 22:00 PC
Miércoles 19:00 22:00 PC

Materia: 6666 ANALISIS MATEMATICO II A Vacantes: 35 
Docente: REY VEGA, LEONARDO J-CORIZZO, S J-MATEU SANTOS, JULIAN MAURO-GRANE 
Carreras: Electrónica  
Curso: 2
Lunes 16:00 19:00 PC
Lunes 13:00 16:00 PC

Materia: 6666 ANALISIS MATEMATICO II A Vacantes: 35 
Docente: REY VEGA, LEONARDO J-CORIZZO, S J-MATEU SANTOS, JULIAN MAURO-GRANE 
Carreras: Electrónica  
Curso: 3
Lunes 19:00 22:00 PC
Martes 19:00 22:00 PC

Materia: 6666 ANALISIS MATEMATICO II A Vacantes: 35 
Docente: REY VEGA, LEONARDO J-CORIZZO, S J-MATEU SANTOS, JULIAN MAURO-GRANE 
Carreras: Electrónica  
Curso: 4
Lunes 19:00 23:00 PC
Lunes 17:00 19:00 PC

"
"7202";"1Q2019";"ANALISIS MATEMATICO II A";"6667";"Materia: 6667 ANALISIS MATEMATICO II A Vacantes: 35 
Docente: REY VEGA, LEONARDO J-CORIZZO, S J-MATEU SANTOS, JULIAN MAURO-GRANE 
Carreras: Electrónica  
Curso: 1
Viernes 18:00 22:00 PC
Viernes 16:00 18:00 PC

"
"7203";"1Q2019";"ANALISIS MATEMATICO II A";"6668";"Materia: 6668 ANALISIS MATEMATICO II A Vacantes: 35 
Docente: REY VEGA, LEONARDO J-CORIZZO, S J-MATEU SANTOS, JULIAN MAURO-GRANE 
Carreras: nan 
Curso: 1
Lunes 19:00 23:00 PC
Lunes 17:00 19:00 PC

"
"7204";"1Q2019";"ANALISIS MATEMATICO II A";"6669";"Materia: 6669 ANALISIS MATEMATICO II A Vacantes: 35 
Docente: REY VEGA, LEONARDO J-CORIZZO, S J-MATEU SANTOS, JULIAN MAURO-GRANE 
Carreras: Electrónica, Informática  
Curso: 1
Lunes 19:30 22:30 PC
Viernes 19:30 22:30 PC

"
"7205";"1Q2019";"ANALISIS MATEMATICO II A";"6670";"Materia: 6670 ANALISIS MATEMATICO II A Vacantes: 35 
Docente: REY VEGA, LEONARDO J-CORIZZO, S J-MATEU SANTOS, JULIAN MAURO-GRANE 
Carreras: Informática  
Curso: 1
Miércoles 19:00 22:00 PC
Martes 16:00 19:00 PC

Materia: 6670 ANALISIS MATEMATICO II A Vacantes: 35 
Docente: REY VEGA, LEONARDO J-CORIZZO, S J-MATEU SANTOS, JULIAN MAURO-GRANE 
Carreras: Informática  
Curso: 2
Jueves 19:00 22:00 PC
Martes 16:00 19:00 PC

Materia: 6670 ANALISIS MATEMATICO II A Vacantes: 35 
Docente: REY VEGA, LEONARDO J-CORIZZO, S J-MATEU SANTOS, JULIAN MAURO-GRANE 
Carreras: Informática  
Curso: 3
Viernes 16:00 19:00 PC
Martes 16:00 19:00 PC

"
"7206";"1Q2019";"ANALISIS MATEMATICO II A";"6671";"Materia: 6671 ANALISIS MATEMATICO II A Vacantes: 35 
Docente: REY VEGA, LEONARDO J-CORIZZO, S J-MATEU SANTOS, JULIAN MAURO-GRANE 
Carreras: Electrónica, Informática  
Curso: 1
Viernes 16:00 19:00 PC
Lunes 16:00 19:00 PC

"
"7207";"1Q2019";"ANALISIS MATEMATICO II A";"6672";"Materia: 6672 ANALISIS MATEMATICO II A Vacantes: 35 
Docente: REY VEGA, LEONARDO J-CORIZZO, S J-MATEU SANTOS, JULIAN MAURO-GRANE 
Carreras: Electrónica  
Curso: 1
Lunes 14:00 17:00 PC
Miércoles 14:00 17:00 PC

"
"7208";"1Q2019";"ANALISIS MATEMATICO II A";"6673";"Materia: 6673 ANALISIS MATEMATICO II A Vacantes: 35 
Docente: REY VEGA, LEONARDO J-CORIZZO, S J-MATEU SANTOS, JULIAN MAURO-GRANE 
Carreras: Electrónica  
Curso: 1
Miércoles 16:00 19:00 PC
Martes 16:00 19:00 PC

"
"7209";"1Q2019";"ANALISIS MATEMATICO II A";"6674";"Materia: 6674 ANALISIS MATEMATICO II A Vacantes: 35 
Docente: REY VEGA, LEONARDO J-CORIZZO, S J-MATEU SANTOS, JULIAN MAURO-GRANE 
Carreras: Electricista, Electrónica, Informática  
Curso: 1
Martes 16:00 19:00 PC
Lunes 16:00 19:00 PC

Materia: 6674 ANALISIS MATEMATICO II A Vacantes: 35 
Docente: REY VEGA, LEONARDO J-CORIZZO, S J-MATEU SANTOS, JULIAN MAURO-GRANE 
Carreras: Electricista, Electrónica, Informática  
Curso: 2
Miércoles 16:00 19:00 PC
Lunes 16:00 19:00 PC

Materia: 6674 ANALISIS MATEMATICO II A Vacantes: 35 
Docente: REY VEGA, LEONARDO J-CORIZZO, S J-MATEU SANTOS, JULIAN MAURO-GRANE 
Carreras: Electricista, Electrónica, Informática  
Curso: 3
Miércoles 19:00 22:00 PC
Lunes 16:00 19:00 PC

"
"7210";"1Q2019";"ANALISIS MATEMATICO II A";"6675";"Materia: 6675 ANALISIS MATEMATICO II A Vacantes: 35 
Docente: REY VEGA, LEONARDO J-CORIZZO, S J-MATEU SANTOS, JULIAN MAURO-GRANE 
Carreras: Electrónica, Informática  
Curso: 1
Lunes 19:00 22:00 PC
Jueves 13:00 16:00 PC

Materia: 6675 ANALISIS MATEMATICO II A Vacantes: 35 
Docente: REY VEGA, LEONARDO J-CORIZZO, S J-MATEU SANTOS, JULIAN MAURO-GRANE 
Carreras: Electrónica, Informática  
Curso: 2
Martes 11:00 14:00 PC
Jueves 13:00 16:00 PC

"
"7211";"1Q2019";"ANALISIS MATEMATICO II A";"6676";"Materia: 6676 ANALISIS MATEMATICO II A Vacantes: 35 
Docente: REY VEGA, LEONARDO J-CORIZZO, S J-MATEU SANTOS, JULIAN MAURO-GRANE 
Carreras: Electrónica  
Curso: 1
Jueves 19:00 22:00 PC
Martes 19:00 22:00 PC

"
"7212";"1Q2019";"ANALISIS MATEMATICO II A";"6677";"Materia: 6677 ANALISIS MATEMATICO II A Vacantes: 35 
Docente: REY VEGA, LEONARDO J-CORIZZO, S J-MATEU SANTOS, JULIAN MAURO-GRANE 
Carreras: Electrónica  
Curso: 1
Jueves 19:00 22:00 PC
Viernes 19:00 22:00 PC

"
"7213";"1Q2019";"ANALISIS MATEMATICO II A";"6678";"Materia: 6678 ANALISIS MATEMATICO II A Vacantes: 35 
Docente: REY VEGA, LEONARDO J-CORIZZO, S J-MATEU SANTOS, JULIAN MAURO-GRANE 
Carreras: Electrónica  
Curso: 1
Miércoles 19:00 22:00 PC
Lunes 16:00 19:00 PC

"
"7214";"1Q2019";"ANALISIS MATEMATICO II A";"6679";"Materia: 6679 ANALISIS MATEMATICO II A Vacantes: 35 
Docente: REY VEGA, LEONARDO J-CORIZZO, S J-MATEU SANTOS, JULIAN MAURO-GRANE 
Carreras: Electrónica  
Curso: 1
Jueves 19:00 22:00 PC
Martes 19:00 22:00 PC

"
"7215";"1Q2019";"ANALISIS MATEMATICO II A";"6680";"Materia: 6680 ANALISIS MATEMATICO II A Vacantes: 35 
Docente: REY VEGA, LEONARDO J-CORIZZO, S J-MATEU SANTOS, JULIAN MAURO-GRANE 
Carreras: Electrónica  
Curso: 1
Lunes 16:00 19:00 PC
Jueves 16:00 19:00 PC

"
"7216";"1Q2019";"ANALISIS MATEMATICO II A";"6681";"Materia: 6681 ANALISIS MATEMATICO II A Vacantes: 35 
Docente: REY VEGA, LEONARDO J-CORIZZO, S J-MATEU SANTOS, JULIAN MAURO-GRANE 
Carreras: Electrónica  
Curso: 1
Miércoles 10:00 13:00 PC
Viernes 10:00 13:00 PC

"
"7217";"1Q2019";"ANALISIS MATEMATICO II A";"6682";"Materia: 6682 ANALISIS MATEMATICO II A Vacantes: 35 
Docente: REY VEGA, LEONARDO J-CORIZZO, S J-MATEU SANTOS, JULIAN MAURO-GRANE 
Carreras: Electrónica  
Curso: 1
Jueves 19:00 22:00 PC
Martes 16:00 19:00 PC

"
"7218";"1Q2019";"ANALISIS MATEMATICO II A";"6683";"Materia: 6683 ANALISIS MATEMATICO II A Vacantes: 35 
Docente: REY VEGA, LEONARDO J-CORIZZO, S J-MATEU SANTOS, JULIAN MAURO-GRANE 
Carreras: Electrónica  
Curso: 1
Martes 19:00 22:00 PC
Viernes 19:00 22:00 PC

"
"7219";"1Q2019";"ANALISIS MATEMATICO II A";"6699";"Materia: 6699 ANALISIS MATEMATICO II A Vacantes: 35 
Docente: REY VEGA, LEONARDO J-CORIZZO, S J-MATEU SANTOS, JULIAN MAURO-GRANE 
Carreras: Electrónica  
Curso: 1
Miércoles 19:00 22:00 PC
Martes 19:00 22:00 PC

Materia: 6699 ANALISIS MATEMATICO II A Vacantes: 35 
Docente: REY VEGA, LEONARDO J-CORIZZO, S J-MATEU SANTOS, JULIAN MAURO-GRANE 
Carreras: Electrónica  
Curso: 2
Jueves 19:00 22:00 PC
Martes 19:00 22:00 PC

"
"7220";"1Q2019";"ANALISIS MATEMATICO II A";"6700";"Materia: 6700 ANALISIS MATEMATICO II A Vacantes: 35 
Docente: REY VEGA, LEONARDO J-CORIZZO, S J-MATEU SANTOS, JULIAN MAURO-GRANE 
Carreras: nan 
Curso: 1
Lunes 18:00 20:00 PC
Jueves 18:00 20:00 PC

"
"7221";"1Q2019";"ANALISIS MATEMATICO II A";"6702";"Materia: 6702 ANALISIS MATEMATICO II A Vacantes: 35 
Docente: REY VEGA, LEONARDO J-CORIZZO, S J-MATEU SANTOS, JULIAN MAURO-GRANE 
Carreras: Naval, Mecánica  
Curso: 1
Sábados 09:00 15:00 PC

"
"7222";"1Q2019";"ANALISIS MATEMATICO II A";"6703";"Materia: 6703 ANALISIS MATEMATICO II A Vacantes: 35 
Docente: REY VEGA, LEONARDO J-CORIZZO, S J-MATEU SANTOS, JULIAN MAURO-GRANE 
Carreras: Industrial, Electricista, Alimentos  
Curso: 1
Martes 19:00 23:00 PC

Materia: 6703 ANALISIS MATEMATICO II A Vacantes: 35 
Docente: REY VEGA, LEONARDO J-CORIZZO, S J-MATEU SANTOS, JULIAN MAURO-GRANE 
Carreras: Industrial, Electricista, Alimentos  
Curso: 2
Miércoles 08:00 12:00 PC

Materia: 6703 ANALISIS MATEMATICO II A Vacantes: 35 
Docente: REY VEGA, LEONARDO J-CORIZZO, S J-MATEU SANTOS, JULIAN MAURO-GRANE 
Carreras: Industrial, Electricista, Alimentos  
Curso: 3
Miércoles 19:00 23:00 PC

Materia: 6703 ANALISIS MATEMATICO II A Vacantes: 35 
Docente: REY VEGA, LEONARDO J-CORIZZO, S J-MATEU SANTOS, JULIAN MAURO-GRANE 
Carreras: Industrial, Electricista, Alimentos  
Curso: 4
Jueves 19:00 23:00 PC

"
"7223";"1Q2019";"ANALISIS MATEMATICO II A";"6704";"Materia: 6704 ANALISIS MATEMATICO II A Vacantes: 35 
Docente: REY VEGA, LEONARDO J-CORIZZO, S J-MATEU SANTOS, JULIAN MAURO-GRANE 
Carreras: Mecánica  
Curso: 1A
Lunes 19:00 23:00 PC
Miércoles 19:00 23:00 PC

Materia: 6704 ANALISIS MATEMATICO II A Vacantes: 35 
Docente: REY VEGA, LEONARDO J-CORIZZO, S J-MATEU SANTOS, JULIAN MAURO-GRANE 
Carreras: Mecánica  
Curso: 1B
Lunes 19:00 23:00 PC
Miércoles 19:00 23:00 PC

Materia: 6704 ANALISIS MATEMATICO II A Vacantes: 35 
Docente: REY VEGA, LEONARDO J-CORIZZO, S J-MATEU SANTOS, JULIAN MAURO-GRANE 
Carreras: Mecánica  
Curso: 2A
Viernes 15:00 19:00 PC
Jueves 13:00 17:00 PC

Materia: 6704 ANALISIS MATEMATICO II A Vacantes: 35 
Docente: REY VEGA, LEONARDO J-CORIZZO, S J-MATEU SANTOS, JULIAN MAURO-GRANE 
Carreras: Mecánica  
Curso: 2B
Viernes 15:00 19:00 PC
Jueves 13:00 17:00 PC

"
"7224";"1Q2019";"ANALISIS MATEMATICO II A";"6707";"Materia: 6707 ANALISIS MATEMATICO II A Vacantes: 35 
Docente: REY VEGA, LEONARDO J-CORIZZO, S J-MATEU SANTOS, JULIAN MAURO-GRANE 
Carreras: Naval, Mecánica  
Curso: 1
Viernes 19:00 21:00 PC

"
"7225";"1Q2019";"ANALISIS MATEMATICO II A";"6710";"Materia: 6710 ANALISIS MATEMATICO II A Vacantes: 35 
Docente: REY VEGA, LEONARDO J-CORIZZO, S J-MATEU SANTOS, JULIAN MAURO-GRANE 
Carreras: Electricista  
Curso: 1
Lunes 16:30 22:30 PC

"
"7226";"1Q2019";"ANALISIS MATEMATICO II A";"6711";"Materia: 6711 ANALISIS MATEMATICO II A Vacantes: 35 
Docente: REY VEGA, LEONARDO J-CORIZZO, S J-MATEU SANTOS, JULIAN MAURO-GRANE 
Carreras: Mecánica  
Curso: 1
Jueves 18:00 22:00 PC

"
"7227";"1Q2019";"ANALISIS MATEMATICO II A";"6712";"Materia: 6712 ANALISIS MATEMATICO II A Vacantes: 35 
Docente: REY VEGA, LEONARDO J-CORIZZO, S J-MATEU SANTOS, JULIAN MAURO-GRANE 
Carreras: Industrial, Naval  
Curso: 1
Miércoles 15:00 18:00 PC
Viernes 10:00 13:00 PC

Materia: 6712 ANALISIS MATEMATICO II A Vacantes: 35 
Docente: REY VEGA, LEONARDO J-CORIZZO, S J-MATEU SANTOS, JULIAN MAURO-GRANE 
Carreras: Industrial, Naval  
Curso: 2
Viernes 13:00 16:00 PC
Viernes 19:00 22:00 PC

Materia: 6712 ANALISIS MATEMATICO II A Vacantes: 35 
Docente: REY VEGA, LEONARDO J-CORIZZO, S J-MATEU SANTOS, JULIAN MAURO-GRANE 
Carreras: Industrial, Naval  
Curso: 3
Jueves 10:00 13:00 PC
Viernes 10:00 13:00 PC

Materia: 6712 ANALISIS MATEMATICO II A Vacantes: 35 
Docente: REY VEGA, LEONARDO J-CORIZZO, S J-MATEU SANTOS, JULIAN MAURO-GRANE 
Carreras: Industrial, Naval  
Curso: 4
Jueves 19:00 22:00 PC
Miércoles 19:00 22:00 PC

Materia: 6712 ANALISIS MATEMATICO II A Vacantes: 35 
Docente: REY VEGA, LEONARDO J-CORIZZO, S J-MATEU SANTOS, JULIAN MAURO-GRANE 
Carreras: Industrial, Naval  
Curso: 5
Viernes 13:00 16:00 PC
Sábados 09:00 12:00 PC

Materia: 6712 ANALISIS MATEMATICO II A Vacantes: 35 
Docente: REY VEGA, LEONARDO J-CORIZZO, S J-MATEU SANTOS, JULIAN MAURO-GRANE 
Carreras: Industrial, Naval  
Curso: 6
Jueves 19:00 22:00 PC
Miércoles 19:00 22:00 PC

"
"7228";"1Q2019";"ANALISIS MATEMATICO II A";"6713";"Materia: 6713 ANALISIS MATEMATICO II A Vacantes: 35 
Docente: REY VEGA, LEONARDO J-CORIZZO, S J-MATEU SANTOS, JULIAN MAURO-GRANE 
Carreras: Naval, Mecánica  
Curso: 1A
Lunes 14:00 17:00 PC
Martes 15:00 18:00 PC

Materia: 6713 ANALISIS MATEMATICO II A Vacantes: 35 
Docente: REY VEGA, LEONARDO J-CORIZZO, S J-MATEU SANTOS, JULIAN MAURO-GRANE 
Carreras: Naval, Mecánica  
Curso: 1B
Lunes 14:00 17:00 PC
Martes 15:00 18:00 PC

Materia: 6713 ANALISIS MATEMATICO II A Vacantes: 35 
Docente: REY VEGA, LEONARDO J-CORIZZO, S J-MATEU SANTOS, JULIAN MAURO-GRANE 
Carreras: Naval, Mecánica  
Curso: 2A
Lunes 14:00 17:00 PC
Miércoles 11:00 14:00 PC

Materia: 6713 ANALISIS MATEMATICO II A Vacantes: 35 
Docente: REY VEGA, LEONARDO J-CORIZZO, S J-MATEU SANTOS, JULIAN MAURO-GRANE 
Carreras: Naval, Mecánica  
Curso: 2B
Lunes 14:00 17:00 PC
Miércoles 11:00 14:00 PC

Materia: 6713 ANALISIS MATEMATICO II A Vacantes: 35 
Docente: REY VEGA, LEONARDO J-CORIZZO, S J-MATEU SANTOS, JULIAN MAURO-GRANE 
Carreras: Naval, Mecánica  
Curso: 3A
Jueves 19:00 22:00 PC
Lunes 14:00 17:00 PC

Materia: 6713 ANALISIS MATEMATICO II A Vacantes: 35 
Docente: REY VEGA, LEONARDO J-CORIZZO, S J-MATEU SANTOS, JULIAN MAURO-GRANE 
Carreras: Naval, Mecánica  
Curso: 3B
Jueves 19:00 22:00 PC
Lunes 14:00 17:00 PC

"
"7229";"1Q2019";"ANALISIS MATEMATICO II A";"6714";"Materia: 6714 ANALISIS MATEMATICO II A Vacantes: 35 
Docente: REY VEGA, LEONARDO J-CORIZZO, S J-MATEU SANTOS, JULIAN MAURO-GRANE 
Carreras: Mecánica  
Curso: 1
Viernes 19:00 21:00 PC
Miércoles 15:00 17:00 PC

"
"7230";"1Q2019";"ANALISIS MATEMATICO II A";"6715";"Materia: 6715 ANALISIS MATEMATICO II A Vacantes: 35 
Docente: REY VEGA, LEONARDO J-CORIZZO, S J-MATEU SANTOS, JULIAN MAURO-GRANE 
Carreras: Mecánica  
Curso: 1
Lunes 19:00 22:00 PC
Miércoles 19:00 22:00 PC

"
"7231";"1Q2019";"ANALISIS MATEMATICO II A";"6716";"Materia: 6716 ANALISIS MATEMATICO II A Vacantes: 35 
Docente: REY VEGA, LEONARDO J-CORIZZO, S J-MATEU SANTOS, JULIAN MAURO-GRANE 
Carreras: Mecánica  
Curso: 1
Jueves 17:00 19:00 PC
Jueves 19:00 20:00 PC
Lunes 17:00 19:00 PC

"
"7232";"1Q2019";"ANALISIS MATEMATICO II A";"6717";"Materia: 6717 ANALISIS MATEMATICO II A Vacantes: 35 
Docente: REY VEGA, LEONARDO J-CORIZZO, S J-MATEU SANTOS, JULIAN MAURO-GRANE 
Carreras: Mecánica  
Curso: 1A
Lunes 18:00 22:00 PC

Materia: 6717 ANALISIS MATEMATICO II A Vacantes: 35 
Docente: REY VEGA, LEONARDO J-CORIZZO, S J-MATEU SANTOS, JULIAN MAURO-GRANE 
Carreras: Mecánica  
Curso: 1B
Lunes 18:00 22:00 PC

Materia: 6717 ANALISIS MATEMATICO II A Vacantes: 35 
Docente: REY VEGA, LEONARDO J-CORIZZO, S J-MATEU SANTOS, JULIAN MAURO-GRANE 
Carreras: Mecánica  
Curso: 2A
Martes 19:00 23:00 PC

Materia: 6717 ANALISIS MATEMATICO II A Vacantes: 35 
Docente: REY VEGA, LEONARDO J-CORIZZO, S J-MATEU SANTOS, JULIAN MAURO-GRANE 
Carreras: Mecánica  
Curso: 2B
Martes 19:00 23:00 PC

Materia: 6717 ANALISIS MATEMATICO II A Vacantes: 35 
Docente: REY VEGA, LEONARDO J-CORIZZO, S J-MATEU SANTOS, JULIAN MAURO-GRANE 
Carreras: Mecánica  
Curso: 3A
Miércoles 18:00 22:00 PC

Materia: 6717 ANALISIS MATEMATICO II A Vacantes: 35 
Docente: REY VEGA, LEONARDO J-CORIZZO, S J-MATEU SANTOS, JULIAN MAURO-GRANE 
Carreras: Mecánica  
Curso: 3B
Miércoles 18:00 22:00 PC

Materia: 6717 ANALISIS MATEMATICO II A Vacantes: 35 
Docente: REY VEGA, LEONARDO J-CORIZZO, S J-MATEU SANTOS, JULIAN MAURO-GRANE 
Carreras: Mecánica  
Curso: 4A
Jueves 18:00 22:00 PC

Materia: 6717 ANALISIS MATEMATICO II A Vacantes: 35 
Docente: REY VEGA, LEONARDO J-CORIZZO, S J-MATEU SANTOS, JULIAN MAURO-GRANE 
Carreras: Mecánica  
Curso: 4B
Jueves 18:00 22:00 PC

Materia: 6717 ANALISIS MATEMATICO II A Vacantes: 35 
Docente: REY VEGA, LEONARDO J-CORIZZO, S J-MATEU SANTOS, JULIAN MAURO-GRANE 
Carreras: Mecánica  
Curso: 5A
Viernes 19:00 23:00 PC

Materia: 6717 ANALISIS MATEMATICO II A Vacantes: 35 
Docente: REY VEGA, LEONARDO J-CORIZZO, S J-MATEU SANTOS, JULIAN MAURO-GRANE 
Carreras: Mecánica  
Curso: 5B
Viernes 19:00 23:00 PC

Materia: 6717 ANALISIS MATEMATICO II A Vacantes: 35 
Docente: REY VEGA, LEONARDO J-CORIZZO, S J-MATEU SANTOS, JULIAN MAURO-GRANE 
Carreras: Mecánica  
Curso: 6A
Sábados 08:00 12:00 PC

Materia: 6717 ANALISIS MATEMATICO II A Vacantes: 35 
Docente: REY VEGA, LEONARDO J-CORIZZO, S J-MATEU SANTOS, JULIAN MAURO-GRANE 
Carreras: Mecánica  
Curso: 6B
Sábados 08:00 12:00 PC

"
"7233";"1Q2019";"ANALISIS MATEMATICO II A";"6718";"Materia: 6718 ANALISIS MATEMATICO II A Vacantes: 35 
Docente: REY VEGA, LEONARDO J-CORIZZO, S J-MATEU SANTOS, JULIAN MAURO-GRANE 
Carreras: Naval, Mecánica  
Curso: 1
Miércoles 16:00 19:00 PC
Viernes 16:00 19:00 PC

"
"7234";"1Q2019";"ANALISIS MATEMATICO II A";"6719";"Materia: 6719 ANALISIS MATEMATICO II A Vacantes: 35 
Docente: REY VEGA, LEONARDO J-CORIZZO, S J-MATEU SANTOS, JULIAN MAURO-GRANE 
Carreras: Mecánica  
Curso: 1
Viernes 13:00 16:00 PC
Viernes 16:00 19:00 PC

"
"7235";"1Q2019";"ANALISIS MATEMATICO II A";"6720";"Materia: 6720 ANALISIS MATEMATICO II A Vacantes: 35 
Docente: REY VEGA, LEONARDO J-CORIZZO, S J-MATEU SANTOS, JULIAN MAURO-GRANE 
Carreras: Mecánica  
Curso: 1
Viernes 19:00 23:00 PC
Jueves 18:00 20:00 PC

"
"7236";"1Q2019";"ANALISIS MATEMATICO II A";"6721";"Materia: 6721 ANALISIS MATEMATICO II A Vacantes: 35 
Docente: REY VEGA, LEONARDO J-CORIZZO, S J-MATEU SANTOS, JULIAN MAURO-GRANE 
Carreras: Mecánica  
Curso: 1
Jueves 14:00 18:00 PC
Miércoles 19:00 23:00 PC

"
"7237";"1Q2019";"ANALISIS MATEMATICO II A";"6722";"Materia: 6722 ANALISIS MATEMATICO II A Vacantes: 35 
Docente: REY VEGA, LEONARDO J-CORIZZO, S J-MATEU SANTOS, JULIAN MAURO-GRANE 
Carreras: Mecánica  
Curso: 1
Miércoles 19:00 23:00 PC

"
"7238";"1Q2019";"ANALISIS MATEMATICO II A";"6723";"Materia: 6723 ANALISIS MATEMATICO II A Vacantes: 35 
Docente: REY VEGA, LEONARDO J-CORIZZO, S J-MATEU SANTOS, JULIAN MAURO-GRANE 
Carreras: Naval, Mecánica  
Curso: 1
Jueves 18:00 20:00 PC

"
"7239";"1Q2019";"ANALISIS MATEMATICO II A";"6724";"Materia: 6724 ANALISIS MATEMATICO II A Vacantes: 35 
Docente: REY VEGA, LEONARDO J-CORIZZO, S J-MATEU SANTOS, JULIAN MAURO-GRANE 
Carreras: Mecánica  
Curso: 1
Miércoles 16:00 19:00 PC
Viernes 19:00 22:00 PC

"
"7240";"1Q2019";"ANALISIS MATEMATICO II A";"6725";"Materia: 6725 ANALISIS MATEMATICO II A Vacantes: 35 
Docente: REY VEGA, LEONARDO J-CORIZZO, S J-MATEU SANTOS, JULIAN MAURO-GRANE 
Carreras: Mecánica  
Curso: 1
Lunes 19:00 21:00 PC
Lunes 17:00 19:00 PC
Jueves 18:00 22:00 PC

"
"7241";"1Q2019";"ANALISIS MATEMATICO II A";"6726";"Materia: 6726 ANALISIS MATEMATICO II A Vacantes: 35 
Docente: REY VEGA, LEONARDO J-CORIZZO, S J-MATEU SANTOS, JULIAN MAURO-GRANE 
Carreras: Mecánica  
Curso: 1
Lunes 19:00 22:00 PC
Miércoles 19:00 22:00 PC

"
"7242";"1Q2019";"ANALISIS MATEMATICO II A";"6727";"Materia: 6727 ANALISIS MATEMATICO II A Vacantes: 35 
Docente: REY VEGA, LEONARDO J-CORIZZO, S J-MATEU SANTOS, JULIAN MAURO-GRANE 
Carreras: Mecánica  
Curso: 1
Jueves 19:00 22:00 PC
Martes 19:00 22:00 PC

"
"7243";"1Q2019";"ANALISIS MATEMATICO II A";"6728";"Materia: 6728 ANALISIS MATEMATICO II A Vacantes: 35 
Docente: REY VEGA, LEONARDO J-CORIZZO, S J-MATEU SANTOS, JULIAN MAURO-GRANE 
Carreras: Mecánica  
Curso: 1
Viernes 19:00 23:00 PC

"
"7244";"1Q2019";"ANALISIS MATEMATICO II A";"6729";"Materia: 6729 ANALISIS MATEMATICO II A Vacantes: 35 
Docente: REY VEGA, LEONARDO J-CORIZZO, S J-MATEU SANTOS, JULIAN MAURO-GRANE 
Carreras: Mecánica  
Curso: 1
Lunes 19:00 22:00 PC
Viernes 19:00 22:00 PC

"
"7245";"1Q2019";"ANALISIS MATEMATICO II A";"6730";"Materia: 6730 ANALISIS MATEMATICO II A Vacantes: 35 
Docente: REY VEGA, LEONARDO J-CORIZZO, S J-MATEU SANTOS, JULIAN MAURO-GRANE 
Carreras: Mecánica  
Curso: 1
Jueves 18:00 22:00 PC

"
"7246";"1Q2019";"ANALISIS MATEMATICO II A";"6731";"Materia: 6731 ANALISIS MATEMATICO II A Vacantes: 35 
Docente: REY VEGA, LEONARDO J-CORIZZO, S J-MATEU SANTOS, JULIAN MAURO-GRANE 
Carreras: Mecánica  
Curso: 1
Martes 15:00 19:00 PC

"
"7247";"1Q2019";"ANALISIS MATEMATICO II A";"6732";"Materia: 6732 ANALISIS MATEMATICO II A Vacantes: 35 
Docente: REY VEGA, LEONARDO J-CORIZZO, S J-MATEU SANTOS, JULIAN MAURO-GRANE 
Carreras: Mecánica  
Curso: 1
Miércoles 19:00 22:00 PC
Martes 19:00 22:00 PC

"
"7248";"1Q2019";"ANALISIS MATEMATICO II A";"6733";"Materia: 6733 ANALISIS MATEMATICO II A Vacantes: 35 
Docente: REY VEGA, LEONARDO J-CORIZZO, S J-MATEU SANTOS, JULIAN MAURO-GRANE 
Carreras: Mecánica  
Curso: 1
Lunes 19:00 23:00 PC
Miércoles 19:00 23:00 PC

"
